,amino_acids,count,location,gene
0,QGHLSYLFTN,10,1,0
1,FYCHIFRIVLFKYIQNTEYINKVFQKPGKNSGFFQR,36,1,0
2,T,1,1,0
3,SEPMGNLRTPTTTASTLGNQGVWG,24,1,0
4,AWAPTHTDILKDHFLKIFSTVYCAFLLYPHT,31,1,0
5,EHISLIETEFFIKYF,15,1,0
6,VLNICAFSCLFYI,13,1,0
7,MHIHLRL,7,1,0
8,SLSMLLELSHSISPQLPSLVGNFLLTHTK,29,1,0
9,I,1,1,0
10,YQPQTSPSL,9,1,0
11,WSYEVFVVIFSLE,13,1,0
12,IFSLSENFS,9,1,0
13,EN,2,1,0
14,TRFPSITNFICRA,13,1,0
15,EEGSLQTEVQSIVVQYS,17,1,0
16,VPLGLPNCLLQVN,13,1,0
17,F,1,1,0
18,HCSPLASAFLKC,12,1,0
19,PLF,3,1,0
20,VAQRNILVITQIFFSRHLTTNIA,23,1,0
21,SSPEQNKG,8,1,0
22,SNGDCGDGLHFFNLLQNAKM,20,1,0
23,PLDRR,5,1,0
24,LLLL,4,1,0
25,SVIYHYVMPPFNVICLHLSLDVSIHLVHHGGFHTYSKNAMSSFDVLKSPAPGRKGVVSRNRFNLFTQIFSFPFILKEFFLT,81,1,0
26,EAGGSSINITSPLVFTTNMEYYPKIINVVFS,31,1,0
27,TPIQDSLY,8,1,0
28,YCIIKFDFLGVVD,13,1,0
29,LYIQF,5,1,0
30,GKTLPLNKR,9,1,0
31,E,1,1,0
32,NGDSSNFLKELFFKIK,16,1,0
33,FFK,3,1,0
34,AEIVPLHSSLATE,13,0,2
35,NLFCLILV,8,1,0
36,LTSIN,5,1,0
37,ERKHVKHSSEQRPFIQSQTQEKNNN,25,1,0
38,KRRISP,6,1,0
39,FYHLDKFGSLMEK,13,1,0
40,NAVITTQRIHPNPWLGG,17,1,0
41,CF,2,1,0
42,YI,2,1,0
43,DTHSSFKKECLLTLCQKLGGRGM,23,1,0
44,TDQH,4,1,0
45,VIVVCFWK,8,1,0
46,MVITIFRTG,9,1,0
47,FPSEN,5,1,0
48,VGAALSHTIMVVIYVH,16,1,0
49,AMQKLS,6,1,0
50,VEHLGHLHSTLVLRYEVLFYSS,22,1,0
51,EEYSVTLERIRVPEDLYECLAIIEPSLHR,29,1,0
52,SYFHAFLFSTEHICIIFYMSFMYNHLLPVPCGFKVVLYV,39,1,0
53,DTYLYLYIYIIYTRI,15,1,0
54,PV,2,1,0
55,L,1,1,0
56,DKDFVIRIGCCWNCPSTLVSLSLVITHTSFHSSAITFVTKVMVLSPPIAAAGLGHQDLGSTHHVPRTGPQVPSSIAHGDSVPFCRTPSF,89,1,0
57,LYNVSA,6,1,0
58,P,1,2,1
59,NCILPTDHPEIRFKGRFWPGLVDHACNPSTLGGQSLELRSLRPAWAT,47,0,2
60,LKH,3,0,2
61,VYMLMCKSRVIVRVKWKCESTL,22,1,0
62,DRTYE,5,1,0
63,QVVVPIT,7,1,0
64,HSERDKILETVKRSVIAWGSEKVQRDEWVKHMACLGQ,37,1,0
65,KKSRF,5,1,0
66,NTTAYSL,7,1,0
67,DSNRLSKVEHGSGAVAHACNPSTFGG,26,1,0
68,HICH,4,1,0
69,TWAGNFLPTKFK,12,1,0
70,VGKDRLSTGKVPV,13,0,2
71,YVNVLCLLRKVIIVVTKSTFKSSVINSIILLLIPLNSPYSMNRKCLGLGPVGISYFK,57,1,0
72,SITKSYSFTFCIPYFWNSSLDFKIYIYIFFFEMESRSVAQAGVPWCNLSSQQPLPPRFKRFS,62,1,0
73,VSLAHGGPFGFRDCKLLNRQQGFSF,25,2,1
74,Y,1,1,0
75,LIWYSF,6,1,0
76,VNNECQCQCWCGLRLFFPGVVSDAGLICLSHLAD,34,0,2
77,GTYLFAVYTLFVTVL,15,1,0
78,PCDPPIRPPKVLRL,14,1,0
79,LMYSLCNSLILASWK,15,1,0
80,FSFFVMSFSGFDIRVILAS,19,1,0
81,NLCLLNLFIMVLRNFL,16,1,0
82,FFRFSLAQRGSI,12,0,2
83,KFISYC,6,1,0
84,NCITLHQQIGLNHICALPLFLHKCLT,26,1,0
85,PYIF,4,1,0
86,HAG,3,1,0
87,EAIA,4,0,2
88,GGLRKLIIMVEGEGEARHLLHKVTGRRMNAGGTTKHIKPLALVRTHSLS,49,1,0
89,RTEPYW,6,1,0
90,FELNSIASGQCGCVDSFLTGD,21,1,0
91,NPASTKNTKKLARHGGRRL,19,0,2
92,HFSKFLQCISKSSISSD,17,1,0
93,KSGQNMFT,8,1,0
94,ILALSH,6,1,0
95,SLLPLNKRQVADCFLSSQIRIMPSFSC,27,1,0
96,MVILMIKTAICHISVTNDLLLLVIEHKFLH,30,1,0
97,IT,2,1,0
98,ITNSK,5,1,0
99,LWRLGTPRSRHLSSGSVSGEGRFSTPKMVSCHCILQRAKCCVLTW,45,1,0
100,ILSNAFSASIEFII,14,1,0
101,EICY,4,1,0
102,GCLL,4,1,0
103,SK,2,1,0
104,FIQDYASVF,9,1,0
105,SS,2,1,0
106,KL,2,1,0
107,FSQPEATWKYFVLLKASLPS,20,1,0
108,R,1,1,0
109,RTVAHNLKFLTLYNVGRLCILYFLFSILRNLRCPTVKKFALHS,43,1,0
110,GII,3,1,0
111,CKWNT,5,1,0
112,NGNEDNDMGILIQCCG,16,1,0
113,GVNNVEVSQTSPQQQNNFCFFPATMTSLLFLE,32,1,0
114,VCMCIPFCLYLNDLECICYFLTCK,24,1,0
115,L,1,1,0
116,AVRYQAAQQELSSSSCQLSGGIRLP,25,1,0
117,KTYLM,5,1,0
118,EDQRASDKCWRSSGDGCDSSSPEDSGGSREHCSSHWLCQKGPVGQGMAVYVLCYIYKLVRLRFIFM,66,1,0
119,RKQNAILINNNNTMFSYYVLDTMLVGIYRHNLN,33,1,0
120,QSKTPSQKQTKKIQCQAS,18,1,0
121,DCIVCCLRRNMESKCLIIYQLCDISQKEGV,30,1,0
122,QIILENQISVSFKIMEKNLPYFPYTWIS,28,1,0
123,VLKT,4,1,0
124,QETEC,5,1,0
125,CFPSSNEDMLPITAPVAAQQKALCKFSKMYGQLNHNIPIPLR,42,0,2
126,IF,2,1,0
127,VARITGRCHHA,11,0,2
128,LYYLCKAPPLNTITLVITIYHMNFDHTSCHPFIFIYP,37,1,0
129,AFLWELRLEESVQENHDTLANAINVSSKVNCL,32,1,0
130,STARHEP,7,1,0
131,KEKKQKRQFG,10,1,0
132,SNNLSSPFMVGGVKNISAGKVVVMGKRHQGR,31,1,0
133,TWEAEVVVSRDCTIALQLGQEE,22,1,0
134,RTAWFFKNNEILPPHLTNL,19,1,0
135,MPFIWLKLS,9,1,0
136,TRRIARTQEMEFAVS,15,1,0
137,HLLF,4,1,0
138,WLLGTSYKYDIVKHDYNKN,19,1,0
139,YSYLEMKYKKF,11,1,0
140,LSVVAHACNSRYSGG,15,0,2
141,PDDY,4,1,0
142,QSGSSAAGLLEFAGGPLQNLFAWVPAEPAEQRKLLNSKCCCLIALLEVSSQRGTWLCEVSVCPYLGVPPR,70,1,0
143,LPMTYNINHINH,12,1,0
144,LAQSRTTFSW,10,1,0
145,KYKIPQLHMPTYYVNSVLLHIKRDPISNHLEKAKSYFFLL,40,1,0
146,SNSNSDHVGLFFFCFLFLFIYLFIYFETESHSVTRLECNGVIWAHCNLHLPGSSDSPGSVSRVAGTIGEPPRPANFLYFSRDGVSPCWPGCYRSPDLTDHVGLQLSNKRTFNSSYTIRMT,120,1,0
147,SQLLGRLRQENGVNPGGRACSEPRSRHCTPA,31,0,2
148,KITSMHYNIINNNLHVVH,18,1,0
149,GGQIMRSGDRDYPG,14,1,0
150,EGKRSLGDWKSDVTAA,16,0,2
151,CPRQWGKCLQDMSEVFTTVPSIIGLEA,27,1,0
152,KMHIKSLS,8,1,0
153,SSNNKQGRSAIFTCLVHIKIF,21,1,0
154,LIDEVICSGFLYFV,14,1,0
155,HGETPSLLKIQKISQVWCHVLVVPAAREAKAGESLEPGRWRLR,43,1,0
156,IK,2,1,0
157,VTGINRIRCVYILFHISCLQLQ,22,1,0
158,FKYKFLLFALTYFRIKK,17,1,0
159,VGFKNVLRPDALSPAHPWAHPFKAAVGSGHSRSWWALEDAVSCSDLGNEGY,51,0,2
160,LFLLLCRSFIVLGPIYLSFLLLLHLLLVSWS,31,1,0
161,KKSDKYKTKFILRD,14,1,0
162,SVGELRTSFLVYSNETQQMSRLILF,25,0,2
163,SSTLGYTPKL,10,1,0
164,RRQYQHSAPTRRVGELPRGPAPPTSACACAEAPPQVCCDRRGTPVVAAAAAAGAPGRGATMAVRQALGRGLQLGRALLLRFTGKPGRAYGLGRPGPAAGCVRGERPGWAAGPGAEPRRVGLGLPNRLRFFRQSVAGLAARLQRQFVVRAWGCAGPCGRAVFLAFGLGLGLIEEKQAESRRAVSACQEIQVSGAGS,195,0,2
165,ACATMPSYLFVFLVEMGFHCNSPGWS,26,1,0
166,KTFREIIRTQHPISESILL,19,1,0
167,EHVMFGFPLLSYFT,14,1,0
168,SLLFLFFCWVWVCFVLFFQFLEV,23,1,0
169,KYKN,4,1,0
170,MSAALGLT,8,0,2
171,TYSIVSHGY,9,1,0
172,D,1,0,2
173,N,1,1,0
174,IY,2,1,0
175,GV,2,0,2
176,GWEI,4,0,2
177,PTW,3,1,0
178,PHRGPKRQREKDSTESLCSGDAPDVTHLPERPSEITVDHTLLLVAQEPSAKVFAERAVSIIRHLQNSAGE,70,0,2
179,EGKEKTI,7,1,0
180,ITVCKLFTGIKSLSSKFLFRELLFTVPIIRDKSVSNMYVMENVSSFLPNFQSLFFSNHLIDNV,63,1,0
181,NGKNRLVFDKVTSCDHLVSVNTEDREKCLRAATNLSETFV,40,1,0
182,QNQFYHWLIDISKN,14,1,0
183,CSNVRFIL,8,1,0
184,SWCFGRPR,8,0,2
185,KSEINVSAGLVSSKASLLGLQMAVFFQCLYIVFCVCVSVF,40,1,0
186,VVEL,4,1,0
187,LPFVWDCLFI,10,1,0
188,NSSSSLKITTTQQQLKHALT,20,1,0
189,IT,2,1,0
190,NPISTKNTKISWAWWRAPVISATWEAEAGELLEPGRRRL,39,0,2
191,QILCVRKVKASYKRTKNRF,19,0,2
192,DRVLLCCPGWRAVA,14,0,2
193,F,1,1,0
194,VFSKTQIWDATG,12,1,0
195,SIYL,4,1,0
196,TWFLVNVT,8,1,0
197,FLMHLVLRFGFGVSNSNQSLLGYKGPWRSFEPSSSSFGLGDSSNY,45,0,2
198,LQFTY,5,1,0
199,EIQAGCRKLHK,11,1,0
200,SS,2,1,0
201,SIII,4,1,0
202,TQYLSWKCRNHQYSALLTLQAVDWSCSYSAILELPSLTQHYF,42,1,0
203,LDLNPKAERFNYLYIMLSNINAINTRK,27,1,0
204,ARPSSFLTWTPSLTSELICLLPLRHPT,27,1,0
205,FSLLSSWDYRHLPPRLVNFCIFSRDGVSPCWPG,33,1,0
206,NIIISLNSLKILN,13,1,0
207,ILFQASTYM,9,1,0
208,EIGLFKLKVLTSLLLI,16,1,0
209,STKLMCFVGFLVLF,14,0,2
210,LKILWTAT,8,1,0
211,FITPNVPDTNKPKIIIIIIRRRTTTAMELW,30,1,0
212,VPLNF,5,1,0
213,I,1,0,2
214,NTWSIPAPQQCLACGWCSNKSLLN,24,1,0
215,PGVVVSACSPSYSGG,15,1,0
216,YNFLYRYSINVSC,13,1,0
217,SLNSNLIFSTYIYGGISDSTYLKNGLSALKSTLFFFSLLLIIIFLVGQAQNLIIFTPCPCVSCPHSSSVSFLHIFQASQ,79,1,0
218,KWEFPCKSSLPLPAAIHIRRDLLLLAFCHDCEASPAMWNCKSIKPLSFVNCPVSGMSLSAA,61,1,0
219,CLLLHSPKYYLLGFMEISLTPIPPCQLRSSVLSLPIAYSCYINPKLCRVSHTL,53,1,0
220,AVSK,4,0,2
221,G,1,1,0
222,Y,1,1,0
223,NI,2,1,0
224,KLIGAFIKINCRALTCIYKYYVGCRVCSGYGVCVCVCVCVCV,42,1,0
225,SGRRGPRLAAPLSASPVSLFLGLPRLPGSRCILFSSQAIFTQKSKPGPDPLDTRRLQGFRLEEYLIGQSIGKGCSAAVYEATMPTLPQNLEVTKSTGLLPGRGPGTSAPGEGQERAPGAPAFPLAIKMMWNISVSTRPFIFKGDVLKMPILVGLVRIFSRK,161,0,2
226,KWTNTVYWYQESEALLKRYPKMWK,24,1,0
227,K,1,1,0
228,FRPVRLQIFLQMEK,14,0,2
229,VINLESLS,8,1,0
230,WVASLLF,7,1,0
231,STFYCAVYCIKTRLKFIHI,19,1,0
232,CERPSRGKIEVKGQQRPY,18,1,0
233,D,1,1,0
234,SSLSNIWYVWQNSNLLLGSAVIYLPTHPIFLSI,33,1,0
235,NTATLK,6,1,0
236,IPLFTFKSFFL,11,1,0
237,CAGHEKVRWAGSVMSHPLLLSRCPRPVLAPGQ,32,0,2
238,N,1,1,0
239,TADKTTFTINLCKRRYIEKILKCPSLGFFVIY,32,1,0
240,ICLS,4,1,0
241,CCLMVHYSSRLLCLPMQFNDGNERGQLDYRSYLLTNLLGHLRRTQII,47,1,0
242,LISL,4,1,0
243,LRLLGGREWWLTPVIPALWKAEVGRSLEVRSLRPAWPT,38,0,2
244,INSGFCPSEATRLGG,15,1,0
245,KLRHLGQGN,9,1,0
246,ITFT,4,1,0
247,EWGSLEMVPGRLWPRGICRAVPGTQG,26,0,2
248,LNNTSP,6,1,0
249,KYFIS,5,1,0
250,TSVY,4,1,0
251,GERIT,5,1,0
252,PSVQTEYVITHRSAIRISKPREIHLKDQSFRI,32,1,0
253,DTMNCLICICVSSGIYYYWHYNLRLKHTVIIKEKFKIDLFLKVCNSDILQCGM,53,1,0
254,FQQVSV,6,1,0
255,LIFDFFFFFFLRLSLALSPRLECNGMISAHCKLYLPGSHHSPASASRVAGTTGAHHHARLIFLYF,65,0,2
256,GIFLNIYNAQDILPQQSIQLKNVITAKVEKPWCSQYNSSSPGTVQEWGGVSEGEEGRNQHTPQK,64,1,0
257,DPTQMCELP,9,1,0
258,NEV,3,1,0
259,PPCVEGGTLWEVIGSWG,17,1,0
260,HLILINVIVNTNAKNTEPEIMLVE,24,1,0
261,AGLCH,5,0,2
262,MLYIT,5,1,0
263,KKSNER,6,1,0
264,SLSLSLSLSLSLSLSIYIYIHTHTHTHGRHQISHVCIHIHIYRI,44,1,0
265,PQMMMHLRNSHWSRGEEAPQKCPVHSVA,28,0,2
266,LLMM,4,1,0
267,PYALTKKGEQILVDN,15,1,0
268,ISAMRGQSALGGAV,14,1,0
269,IALNS,5,1,0
270,TLSLLFF,7,1,0
271,VDNFLRS,7,1,0
272,G,1,1,0
273,FSCLSLLHLPGSSNSPVSASRVAGIQAHTTMPG,33,0,2
274,DNQYSKCW,8,1,0
275,I,1,1,0
276,S,1,1,0
277,K,1,1,0
278,GIKIYRNSQRNSKEN,15,1,0
279,YVKCVFCLFVCLSVCFFETESCSVTQAGVQWHNLGSLQVLPPEFMPFSCLSPSQVAGTTGTRHHAWLIFCIFGRDGVSPY,80,1,0
280,FYKKMQNINEPIKNYIRFYLHYYLLSHVIFH,31,1,0
281,RYFGDTRQKLFTNS,14,1,0
282,PDRCGSRYITSTSGTPWEKLSQEHPGFISS,30,0,2
283,SFCIEFPRCSLCFLYLDI,18,1,0
284,QSRSG,5,1,0
285,VSNNC,5,1,0
286,YTYYLTLYRKSLLTPALENIFLETLHSKINF,31,1,0
287,FMTKNYTLHFLIRTFKMISGSGTRDHQWSTVLRVYVSVSMYVFVCVPTF,49,1,0
288,KNLNLKDLKT,10,1,0
289,STCLSLPKC,9,1,0
290,YSPSCVQVFSLLNFHL,16,1,0
291,DIYKK,5,1,0
292,ECIKGKNIGIGNRRAAFKSWTYS,23,1,0
293,GKGKLWRINL,10,1,0
294,PFVR,4,1,0
295,GDISHILRSGTELVGSCTKF,20,1,0
296,LDDTSSNNTVLLKTNKPLCSGN,22,1,0
297,AFPNLKCSEHSH,12,1,0
298,F,1,1,0
299,CFHLRTMKGYSLHSDIAT,18,1,0
300,QRN,3,1,0
301,KQWAKEKVRFCCFECLRL,18,1,0
302,FYT,3,1,0
303,CQVL,4,1,0
304,IVLNECQLKCSNTVEVDSHSHKSMVGVFGRWVSFSLREIEEPRLLPSCSPTVF,53,1,0
305,IW,2,1,0
306,QDPISTKYFLN,11,0,2
307,FRKRQDAWPSLSLSKGELKRGYMYRVAGQDLR,32,1,0
308,SRMLLNEVG,9,1,0
309,PLIKQLMFHLIID,13,1,0
310,TQNVLI,6,1,0
311,TDPNLKRSMIIL,12,1,0
312,KFEALYRGLIYDEKE,15,1,0
313,KNINSHVITSSVCLI,15,1,0
314,PAIRTNVYTKAPFSWM,16,1,0
315,HHACH,5,1,0
316,CYFTIPLTCHSLL,13,1,0
317,I,1,1,0
318,RLLPQSFSLPIKFEVRFSE,19,1,0
319,LEKENQGIQCSCS,13,1,0
320,GEGGQSFSLGQFPMPELFRMEAFPEEKQPQAQFKAPSSQVHLKVGWFICKGGKDEG,56,1,0
321,NLIFLYR,7,1,0
322,III,3,1,0
323,AP,2,1,0
324,KETLELR,7,0,2
325,PQEQVTDHGSLNQTINVRIEKKVNNLGVKGRGREV,35,1,0
326,GRD,3,1,0
327,DFL,3,1,0
328,YHNENLRKN,9,1,0
329,KYSVISEICILFCF,14,1,0
330,SLLVFL,6,1,0
331,FYSNFRTQISARIRQSITFYKYKNN,25,1,0
332,VEI,3,1,0
333,SVCAVITKYMRLGNLQTTEIYFS,23,1,0
334,HLYV,4,1,0
335,KTHPTHTCGVRNEPEILCSGNIECCE,26,1,0
336,RNQRRTKI,8,1,0
337,PHFSRYNN,8,1,0
338,IW,2,1,0
339,CGNKGDKVIILC,12,1,0
340,AHYEYWIVLPLKAAEWNSQSYMSLKSS,27,1,0
341,EENAS,5,1,0
342,LSTLLYIGTMVIIIK,15,1,0
343,NALPGSPPPLLMEGSPVMSLHGAGELLKEHGILCVVMVCEW,41,0,2
344,LHFKQIFL,8,1,0
345,KYKN,4,1,0
346,V,1,1,0
347,CGK,3,1,0
348,DMTYSVHQCDYSQVIQMADDIVICTFAET,29,1,0
349,VAGITGTRHYTWLIFVFLVETGFHHVGQADLELLTS,36,0,2
350,FYTVGC,6,1,0
351,GNGSLFFGSCSMCCTHCPAPTVQ,23,1,0
352,LLIIADCDHPRGHLLNPGISDLTARG,26,1,0
353,CDLFLLLAIFLYFCVPVSHFHVKTWGSFFTSDMLLKISRVG,41,1,0
354,GVCGTPPLREAISSGVPTAFIPC,23,1,0
355,KFRKFAA,7,1,0
356,KKST,4,1,0
357,WQCQNLVFYLR,11,1,0
358,KPFLEEVDTLHPRFETHAAEDDWLSTSNCSF,31,1,0
359,SQHFGRPRRVDHLRSGVQDQLDQHGETPSLLKIQN,35,1,0
360,TYSLSCVVSHSAKFADCSHCCKQ,23,1,0
361,YIYF,4,1,0
362,TWGFMEGVWVMGADPS,16,1,0
363,NPVSTKNTKKNYKKNTKKKIARCGDRHLYSQLLGRLRQENHLNPGGRGCSEPR,53,1,0
364,KVMFLGD,7,0,2
365,NVLQVKSIMKYVWEPFSCWRPLTSSHIPKSEISKPF,36,1,0
366,EMLENLFVSTLHGHYQSISQQRGLCNNSKK,30,1,0
367,TMLSPLQVNISQSKAWEKVPILFFFLPHTS,30,1,0
368,GFYGFRSNIEVFNPS,15,1,0
369,IVVISYDFLDISLIILNVLKIILR,24,1,0
370,YKEK,4,1,0
371,EARGSGSFL,9,0,2
372,EMLR,4,1,0
373,NNILNNCCNTLLRY,14,1,0
374,QHCMRQTACSYPHYAEEKVQPLSFVLPVLSDFSGRS,36,2,1
375,RKLVGTPSLGSYQGEIEQDGPNDPVVPLAYGLGKSLLLVYPVSPFVNKRMCYSKDL,56,1,0
376,IIKNHLLL,8,1,0
377,KKLLSSKDRSCPDQSRPLALTGIPWVRRPFAAIRKNDIKGEAECYDLKISR,51,1,0
378,FVFFY,5,1,0
379,TAL,3,1,0
380,MLGNFL,6,1,0
381,LELCDLWTDTTCLHWPSRARIVNIWKMDHLTLLSSLPVSSLWCFHWPNSQRRQKECIDVAVVLIQGQLCSQGTLVVITAQGRKGEEWSATMIH,93,1,0
382,KSSDKDSQMLEGQLCSRRFSRSQATSNPLLCHL,33,1,0
383,PNP,3,1,0
384,DCHNKMLQTVWLNNRNLFSTNSES,24,1,0
385,FKLQTAEKCKITVA,14,1,0
386,RQTKCFIGLNLILKTTRGRARWLTPVIPALWKAEVGGSRGQEIETILANMVKRCLY,56,1,0
387,SVM,3,1,0
388,ILISNGLTRVYSVIILT,17,1,0
389,KSSISPLPDLNYGSAF,16,1,0
390,YCHGGYMTLYLC,12,1,0
391,LLL,3,1,0
392,IQNYLLTGPRCYLILFSPL,19,1,0
393,KLSHNLNL,8,1,0
394,C,1,1,0
395,IPFY,4,1,0
396,PPGQSDGQPSDT,12,0,2
397,NQKSPRAVPPILPHKSRSNGNHYHRDHAHLFLTRQIWILA,40,1,0
398,LSIINYIREVGSGILGAQKQDELNKSWILPLAWFHYPEGRA,41,1,0
399,KPFSFLTLCIP,11,0,2
400,LYFREQF,7,1,0
401,SLNFNLTIYNWKRRLGSLSVILSCFIILWALDTAEHANFYGFSCDRIYLLGCN,53,1,0
402,NTETVIHYLRTQSHFFTISILLF,23,1,0
403,GGRITRSGV,9,0,2
404,LLQCTLFE,8,1,0
405,SLIVTFFVVFVARAAKIHLFIMNLKYSTILSPTVLIH,37,1,0
406,IPPFPSFPFFIFSICMP,17,1,0
407,VLFSGKRCANPSGEETLKTKETVS,24,1,0
408,ELK,3,1,0
409,RMMVAF,6,1,0
410,SNSSIWF,7,1,0
411,NIFILFIDISQVSGRVSNLQ,20,1,0
412,GSRWESTL,8,1,0
413,PHFLFIRLVALLCP,14,1,0
414,VSRRSWLYYKYVM,13,1,0
415,CSLFPLDEVIGSVNNSPLKLVQS,23,1,0
416,LLLPQGKKWVTT,12,1,0
417,YLLLCWLVALQSQPLNQIQHNYYSDMFLNRISNNKIFGCIAMSNIKAHAFRYYCTPYISFQIYLQSKY,68,1,0
418,LQHCTPSWATSRSVLVASSKNLYYKNIYIMCIYMYMCIYVVYTIICMFHIIVYSIFYIYTHTRCFCSMKFIREVGFSFFFFDTESHTVAQAVQWHDLSSLQPPPPRFTQFFCLSLLSSWDYMCTPPHPANFLYFLVETGFHYVGQAGLELLTS,153,0,2
419,VSLHYCKYKKHFVAV,15,1,0
420,IKFV,4,1,0
421,SL,2,1,0
422,YTIL,4,1,0
423,SLYI,4,1,0
424,HIYRINVRIFFIK,13,1,0
425,INFLLKNKATISLMR,15,1,0
426,I,1,1,0
427,H,1,1,0
428,CDLGSVQQPPPGYKQFSCLSPPSSWDYRHLPPRPADFCIFSRDGVLPSWPGWSLTPDLR,59,1,0
429,FIVSGHLNILTKNVLTNC,18,1,0
430,ID,2,1,0
431,YHHHHYQYLGALTNDVRVSRCKKISLLKRRY,31,1,0
432,VSKECHVREREKQYKNS,17,1,0
433,VYT,3,1,0
434,QIPLCLIS,8,1,0
435,KNLLQL,6,1,0
436,NIMNFLFVLFLFFSHQLS,18,1,0
437,LL,2,1,0
438,YVSPHVCMNVCSHCDCRPCSSGCILPGSKTQVLPAFRQHQAS,42,1,0
439,LGLL,4,0,2
440,SALLIKISVRLGFTPR,16,1,0
441,ILGFFLRKGFSLSGKIY,17,1,0
442,IY,2,1,0
443,VM,2,1,0
444,VSIKVWQFRRSSQTINHGSYFIDQPHLE,28,1,0
445,VARIIGMCHCLII,13,1,0
446,IFELEDLK,8,0,2
447,HV,2,1,0
448,NNGLQLYLRSYKCHYFVPFYG,21,1,0
449,R,1,0,2
450,RLNVFGIYKLN,11,1,0
451,LSSARYLHKTSNAAPYYASVFLSIKTAFLSCWWSC,35,0,2
452,NAVPLTTEPGCLRRLTKGLVVTELKPQ,27,0,2
453,TLCLSQCLEEFYQCYLL,17,1,0
454,LES,3,1,0
455,VGALMLVAL,9,1,0
456,CI,2,1,0
457,GSQKSNRPKSQG,12,1,0
458,LCVYIMKYMVVLFQKSAWSSQSSFIL,26,1,0
459,SKLIYS,6,1,0
460,VDCKNFLPFCRLPVHSDGSFFCCAEAL,27,1,0
461,L,1,1,0
462,KQNLFGLIANGPFIWLQKQ,19,1,0
463,L,1,1,0
464,DRQWMC,6,1,0
465,PPQHSQNPSSSTPVAFLVAEKVVQRPDTVAYTYNHSTLGG,40,0,2
466,SNLGWNCNTVLTFNLREAPVCLFSGHKHMRTITQFCYLNVVIFCLKHSVTFKYCICLRKFNRVRHSLPG,69,1,0
467,YGYEKHIGINQLLS,14,1,0
468,KFYKKT,6,1,0
469,HGVTPLRLRLIWGVQSMSRKCAFISLDECPHPPLSSTVLLSASMISTFFFFFRFHMSEIMWLFAFLFLAYLTEQESF,77,1,0
470,NPFSTKNTKISGCGGRIL,18,1,0
471,ELIRERWKTSPESRSGHCEINIKECKGRPIRSHNWSGSWLRGRLSAKS,48,0,2
472,LLGSRWFLVIWRSCLGMISEILVHS,25,1,0
473,VNPKCQFGACS,11,1,0
474,SSSANA,6,1,0
475,SN,2,1,0
476,VKKWK,5,1,0
477,NLY,3,1,0
478,SHNHLAPIL,9,1,0
479,E,1,1,0
480,SFYYILCTMV,10,1,0
481,NTQQISRHIMKKTHKISQ,18,1,0
482,RLFLQP,6,1,0
483,GYM,3,1,0
484,GYT,3,1,0
485,IHISISPENNKGKEVF,16,1,0
486,KESIRNSQNDRQPWVALHFK,20,1,0
487,ISYSHRIFINHFRIAEININIFNFFILSKILYAEILL,37,1,0
488,TTGNAHILCHYIQKCNINKVISVGIRKK,28,1,0
489,KGVANSAFHISIPTFNFSNFVVCLKCNPSFTV,32,1,0
490,NSAPTTLTVSWFL,13,1,0
491,V,1,1,0
492,YY,2,1,0
493,AEIAPLHSSLGDRARLCLKKKKKKFYTWALCSPAEGVTWLLRTTLLDHLLL,51,1,0
494,LL,2,1,0
495,MAR,3,1,0
496,FN,2,1,0
497,LAGICFESPHFPGMQMKYRGIIYYVKL,27,1,0
498,SAMFSFIGYLMLLPHSS,17,1,0
499,GGLQKPRFCADSAHEDGVNSL,21,0,2
500,SLQNRTQSCRHLNFRLVRPLLDFRLTIPQCNKFVVIQ,37,1,0
501,LDVLQESVLHM,11,1,0
502,NIKQMN,6,1,0
503,I,1,1,0
504,RERKSISHLGSVRQASSWKVYTGRSHFN,28,1,0
505,VAAGRRGAVLLPEHHDVCC,19,0,2
506,NGRYLFYY,8,1,0
507,FRMAIGQMGRTTCIHY,16,1,0
508,KKKRTSIYK,9,1,0
509,DGVLLLPPRLECNGTISVHCNLRLPGSSDSPASASRVGGITGTHHLSPTNFCIFSRDRVHHVGQAGLKLLTSGNPPTSASQSAGITGVSHHAWPRFLILREIST,104,1,0
510,CIQVTVSRFRAPFSISQCWLGSGKFSICLSEKDFISLSFMKLSFTGYKILG,51,1,0
511,IHLH,4,1,0
512,NSTSF,5,1,0
513,KKNIQQKRVVVSPLLFQCLTNLPNPGTESKGFLLVGGACFSILV,44,1,0
514,HL,2,0,2
515,EVHSLLLLICKYLSPVNKCEPKEPIFQNTT,30,1,0
516,LIVATDTYTEIKSLNTCLFYI,21,1,0
517,IIQCELH,7,1,0
518,LISSGANKLVRLV,13,1,0
519,P,1,1,0
520,LYVYIFLVEIDF,12,1,0
521,PFADLLKVFLIK,12,1,0
522,SVFMLLIKTYLRLVRKRGLIGLTVPHGWGGLRIMAGGKRHFLHGGGKRK,49,0,2
523,KSYSENNRTE,10,1,0
524,WLYQIPKISLKKHKIYILIFMTVSEKDMS,29,1,0
525,RDTTSEHFPRCKLHCNFKESSNDIVVIFKQSLNFVDAY,38,1,0
526,FFLRIKNSV,9,1,0
527,LSEHVELSCIDYDLIFFPLNLILFL,25,1,0
528,VTLILSFK,8,1,0
529,HSEKA,5,1,0
530,IFFHKVQNNRKKLRD,15,1,0
531,RMGRGVIRCVLQHHVQYLAHSKSMINI,27,0,2
532,GQAWWLMPIIPALLEVKLQGSLEDRG,26,1,0
533,LRKNP,5,1,0
534,SEQLLFLSASRHQVVQSPF,19,1,0
535,FIKVPYSRIPWDMGFF,16,1,0
536,LNKM,4,1,0
537,G,1,1,0
538,FEC,3,2,1
539,ASY,3,0,2
540,AEMAPLHSSLGKRAKLCLKIKKQKTQSTHWLP,32,1,0
541,TKTLYIVWVIFIH,13,1,0
542,AARHSRCDLGAVKSFEF,17,1,0
543,EGCLRNFFYP,10,1,0
544,ISCIK,5,1,0
545,KNKHCFISTD,10,1,0
546,KQVISLVSPM,10,1,0
547,EQGKW,5,1,0
548,TESISLFVKQSHLKKKSLQLFQG,23,1,0
549,IRS,3,1,0
550,ISTQAINQFCVSDPFHGLIEAIDPLSFRKMCTHIRTSKSLMGSPLTDPLFRSIF,54,1,0
551,VSIIIQRIL,9,1,0
552,AEIVPLHSSLNNKNETPSQINK,22,1,0
553,LETWVGTFAIITEPSLGSLDHTFILHQKL,29,1,0
554,LEKFL,5,1,0
555,TLGMLLPVIFRMLLSGISFHVALY,24,1,0
556,TLYLLNNRSYLLYLKFKERLH,21,1,0
557,ELKSMLFSLMGTSDSI,16,1,0
558,SLHLLCTIP,9,1,0
559,RLTSRRNRKMTAFPQVVTRIS,21,1,0
560,VHAVCPLLWFCEKRQNF,17,1,0
561,NIFLLQKENN,10,1,0
562,SGYLPLLHRSLNQNV,15,0,2
563,FEYDCHFKSLTFNFTNFISSWPISLPNLNTWLHAAGKVHGRTIEISRSHCVSGNDKVPQRLLTCVRPT,68,1,0
564,REVQGKAQCLTSKSEELIVKLGHQLQRDLGEVTGRLNILWK,41,1,0
565,QITK,4,1,0
566,FSAPSQALCRLVFWIISLKDKTKKQPLAPVSHCLRAATRILTS,43,1,0
567,SNFNKIYNLFPSKYSPSSGERKLFVFFRIKFP,32,1,0
568,TKLIFNIL,8,1,0
569,EPEAGGSLEPRGLRPAWATG,20,1,0
570,EINNNN,6,1,0
571,I,1,1,0
572,VNKEARHSG,9,0,2
573,KLITQIGSFLLYPTKTIKKPGRKSIQETSHCSKSVIFYKSAC,42,1,0
574,RNLMLK,6,1,0
575,YISFLYPLCSQLSNHFGYPVLVSSIIKKQNRELLTKKFVGVIGCMVSSTIR,51,1,0
576,SPSHCCPP,8,0,2
577,MTTWLFLLYMQILYLWSSL,19,1,0
578,IFYYYAPLTRMNMHPSLSKCRYSSFILAD,29,1,0
579,TCGKPLDFVRRRLTLSYLCYL,21,1,0
580,L,1,1,0
581,PLIL,4,1,0
582,PQFQFLNKVIKLGIILNIYSSNTHTHIHTHTHTNTTSPLECTPPTHCNHRDNCSIKYRIFCVLFVCSPFATKIRISTQ,78,1,0
583,G,1,1,0
584,KYA,3,1,0
585,SLIYSPEHSP,10,1,0
586,SSAFLLTNCVILRHILCLSLKSPKWRMIRIRTSIKEAITSRMFGKVPGTP,50,1,0
587,DTLAHISTFKALRECG,16,1,0
588,IHSSTFPCPY,10,1,0
589,LK,2,1,0
590,LYLNV,5,1,0
591,KLSSSML,7,1,0
592,AHSASPPPAQRLACQLPTLNSWKDSRLWEIEEYFSPTKTISVHLIYLPCHC,51,0,2
593,NNILLCVLKSFFLHQL,16,1,0
594,NCRKQNCG,8,0,2
595,RNQFYRNVFKCVDYCYMYTLSFCNVAILFMIIIIKQQNYNNV,42,1,0
596,ICL,3,1,0
597,GRQIT,5,0,2
598,TFFEIRIVSQINIFSL,16,1,0
599,KI,2,1,0
600,SSSLLIHHLTG,11,1,0
601,L,1,1,0
602,TTCLSLKSKK,10,1,0
603,RYLSF,5,1,0
604,SSYL,4,1,0
605,SRTPDLR,7,1,0
606,S,1,1,0
607,IFVFVFRVPSCCQNPYCLYNHVYSL,25,1,0
608,LTGVLRFLLRNARVERHLSE,20,0,2
609,AARV,4,0,2
610,NLSQQLILNKMFVQTKKQKFNCIFN,25,1,0
611,ELGVHVLNHHTLTEQLSLARDYIDSGDSKIN,31,1,0
612,NSSLKEDYERDQHTHTQCKLKQPRLGC,27,0,2
613,HAQQG,5,1,0
614,KWSL,4,1,0
615,SSKTLNICFPGMLKDKEENLGNTRCI,26,1,0
616,LKD,3,1,0
617,QSLISSHLQFTCIHTFFLFGYWESSQKSKIALSVYVTVFHATQIF,45,1,0
618,ISAIDAEPVQR,11,1,0
619,HLFFFFFGRALLGMNGM,17,1,0
620,FWFFKNKNMGRARWLMPVIPALCGRPRRVDHKVRSSRPARPT,42,1,0
621,F,1,1,0
622,LQDTAGQA,8,1,0
623,TSLQCSNQ,8,1,0
624,LPSLIYGEGKSSGEGTCSKSHS,22,0,2
625,SAVV,4,1,0
626,KVI,3,1,0
627,IYVALNFVMLYKLIGFYLWKATIDLSFLKKLLKSVKTLNVGEFIF,45,1,0
628,ILV,3,1,0
629,AHKTTSKKAFYHLQESIYIYLLLCIYIYIYISAFVYIYIHTHTHICVISACVFTHIFCACIFLTKNVLGVRYELILEEVICCREREWENSSIIISLHCIQFFSLSEFLIEVSQKMLVSGKCVEIYSQIQRELEAYE,136,1,0
630,CCLEIALQSV,10,1,0
631,L,1,1,0
632,LVIVYCIQDFC,11,1,0
633,DSRLINVVIYIEKRDNCKSPSIII,24,1,0
634,QSFL,4,1,0
635,FVRTIPFVLQDFYISLPTLY,20,1,0
636,SKKMKIFF,8,1,0
637,IIMTQA,6,1,0
638,VSTY,4,1,0
639,SSLSLLNIWVGSKSLLL,17,1,0
640,FLNLLAVFLNSEFLMNLNVHIR,22,1,0
641,FN,2,1,0
642,DFGGLRKHGWF,11,1,0
643,LLYSCSSYLKAFLNLLSFREDTSRF,25,1,0
644,LLLSCPQI,8,1,0
645,VPSLY,5,1,0
646,NILLIHTYFFDETRKPLYSYKRVNQFKY,28,1,0
647,LDTCCYQAFQK,11,1,0
648,ASV,3,1,0
649,TSVLFLEDKKKKN,13,1,0
650,LKSKTPRAQHAGEMWSNKNFHSFTNAGNTKWYSNFGR,37,1,0
651,SLLVL,5,1,0
652,DYRHETTCPALAFNFSIYKTVFILRFLLNHNLSTEYTYQDTKHTLSQLEGQEIWRI,56,1,0
653,NLYIVH,6,1,0
654,YFIK,4,1,0
655,VFS,3,1,0
656,SPP,3,1,0
657,TALITHKRKMFHFTVIWKPKKEKTEFLHTVKEIAYLF,37,1,0
658,KIQNLFLILL,10,1,0
659,ILNILIKHYGKFKWVKKNSFSSHEEQYGIGVKSIDLKSENLCCLLVQSHLHAVLLFLHL,59,1,0
660,NLIV,4,1,0
661,FLYF,4,1,0
662,KFDFENTLQTQSVFPIFW,18,1,0
663,LNDNFF,6,1,0
664,QKCNLVSIVS,10,1,0
665,K,1,1,0
666,LY,2,1,0
667,KLVFLTHMRAH,11,1,0
668,N,1,1,0
669,QTLIQSVIKHCVWIDAN,17,1,0
670,SRRIV,5,0,2
671,PCI,3,1,0
672,KPLLQESKD,9,1,0
673,LKTYKEEVPKELQQKVA,17,1,0
674,LTRGTGFYYFFIYLLIYLFIYLRQNLALLPRLECSGAISAHCNLCFPGSSNSRASAS,57,0,2
675,RRSFTTLARMVSIS,14,1,0
676,LNLIIRNPLLLHNMATQESTQDPSDSASVP,30,1,0
677,KSLYNCII,8,1,0
678,KLRTF,5,1,0
679,AFCCFSHNCNLCSFSFLSSQFPRTFIRLIQKSF,33,1,0
680,VSVIIIKLYAQNIPMIGANTEKTSQYLEFCFSVNTLICTYIISIITPAENKQCTQIW,57,1,0
681,VPFLERKALGPLVLDGWGIFIPCSTDGKISVWQELIGGKENGDSGVERGFAEPSPASSTCDSSLVVSLSPSGPFPALPRLRANENLEDI,89,1,0
682,AIVPGPCFYFF,11,1,0
683,RVSAEIITAI,10,1,0
684,NFAFLILMYFIHSMPTFRYFC,21,1,0
685,NYNHPQEIYCRQ,12,1,0
686,INAEMS,6,1,0
687,NYSL,4,1,0
688,SCLFSFW,7,1,0
689,SFLKVTSRKYNFKTEYSRHASSLYVFMSNVIYIGRW,36,1,0
690,II,2,1,0
691,YICEVSLHVFHRYSTSWLILGQSCSFYKL,29,1,0
692,RTNLRRQSFHSQIPNSMLGEPLLSSKLFDRDI,32,1,0
693,LDIVV,5,0,2
694,YWQNEVSILI,10,1,0
695,KGRCPVVSSQALPRCT,16,1,0
696,SSKWHVDINTPSLHMRLKMSEYIPPGNN,28,1,0
697,LFIIH,5,1,0
698,QN,2,1,0
699,NSGHLKSEGHSKKVSEFSLPQSKSWPFW,28,1,0
700,AF,2,1,0
701,SYFKVKFFM,9,1,0
702,NAVACTWLTVASTSQAQVILLPQPPKWLGL,30,1,0
703,NPISMKNTKISRV,13,0,2
704,VCSDGGDDDDTKV,13,1,0
705,LGP,3,1,0
706,FFKNHRFLYI,10,1,0
707,DHMQEPRHTAQAPRVSDSV,19,1,0
708,QKFLFVANLITWNLFYCDQKKQPCTYNFNFNILMTKFKDNLNRNGLRKESVRLSEGSLSIIEKLI,65,1,0
709,LKMKVSLIENVSKGKLENTVR,21,1,0
710,DRVSLCHPGWSGEWSGTITAHCSPNPLDSSNPPASDSQVAGTSGTCHHASLGSFKLLLSVVTGSPYVAQAGLELLASSDPPTSASPRAGVNHCKPGFRRVDLNFKSTHLCPN,112,0,2
711,HIALK,5,1,0
712,KSYRVRSSRVNGCFCSSSWF,20,1,0
713,NKNVELNEFKMLSVCV,16,1,0
714,PSRF,4,1,0
715,HLTCYYVSERRDTINGDTTDGGHLTWGW,28,1,0
716,EKHME,5,1,0
717,NPSFGLPFKIFSIKAATFFPDAQDKTLNTEMHDFVAEIPVCCLHSALLSIAPSSSACSQSPPLIATYTIYPMKHHQIIPAHTSISGPSLVHCTLSFPQSLWKEWHSSWRGTQGTEHLSPPNSCGAVDLRWYHEGNMDS,138,1,0
718,KL,2,1,0
719,VTTTYF,6,1,0
720,LAGNPALALCST,12,1,0
721,MLTKCLFCNT,10,1,0
722,GHVGSLSKALKLCML,15,1,0
723,LHD,3,1,0
724,ARDIVPYIPAAPAMAERGQCRAWVMASEGASPKPWQLPHGVEIASAQKSGRLRFRNLCQDFRGCKERPGCPGRSFLQGWGPHGEPLLGQCRREMWGGSPIQSPYWGTS,108,1,0
725,FVSNFHTWVNSLLL,14,1,0
726,GI,2,1,0
727,NSSQELSLWERLKNSLPVKEKSGYWTG,27,1,0
728,FKSPVVLFMLFTLSESYI,18,1,0
729,HGSRMLLLA,9,1,0
730,LEI,3,1,0
731,DKVSLCHPG,9,1,0
732,GIPI,4,1,0
733,VTITGS,6,1,0
734,NWSHSSHLWYSQSPYFFSFFLSFSFSFFLSFFLSFLSFFTFFPFFLFPSFLPSSLPSFLPFFLSLFSFLLPSFLLSFSFFSLPSSLSPSLPSSLSFFLFFLSCFLPSFFPFLSFSFLCQSVIHL,124,1,0
735,LQ,2,1,0
736,ENKFCALVILI,11,1,0
737,DCLADSK,7,1,0
738,SANDNIL,7,1,0
739,MINQMMYVAIS,11,1,0
740,E,1,1,0
741,KDMSHISNINTFLLPLLSLFSRPVF,25,1,0
742,WHSFFFLFF,9,1,0
743,LPCSRLQAGLTRNLPFCSGLCNPGFLVGVPGRFLQRSHLEHNEPGAGPSEPSGLGWGVWSSHLQVSALCLPD,72,0,2
744,ALVCRLIFRPRGIK,14,1,0
745,CSLTSTLSGRFPLTSF,16,1,0
746,RYHYYMLYYLAFAALEIYD,19,1,0
747,YFV,3,1,0
748,EKLLKREIKQPLHICTYNL,19,1,0
749,SQPLLLTLKGRTVH,14,1,0
750,FSEVITFYQTLNIHQ,15,1,0
751,AYKS,4,1,0
752,HLIW,4,1,0
753,LVWWK,5,1,0
754,DLRPMAPP,8,0,2
755,NS,2,1,0
756,PYLILFYEKKL,11,1,0
757,KSLLPLSFYTSLMKGNERVWHLEFRIDTWFLTRGRIPQ,38,1,0
758,NRESIDILQQNYVEGPLASHPMQILPVFTLPQSKIYQILDASEIV,45,1,0
759,EGYQDYEPEA,10,1,0
760,IISVLY,6,1,0
761,TAKGDTNEPN,10,1,0
762,VYVSPYVLGESLEDSRYLVDGFLSILPFCIF,31,1,0
763,CNY,3,1,0
764,QHHMIICM,8,1,0
765,LGLQACATTPS,11,0,2
766,PFTYFK,6,1,0
767,VVSII,5,1,0
768,YSLLHKG,7,1,0
769,SPLLRRLRQKNYLNPGGGGCGEPRSRHCTPAWATRAKLHLKKNKNKKNQPNKNYLSLY,58,0,2
770,LCLTQHSSLFFFNHQKFSLSLSLFLSLSFFFFFFLQEMPLNIVGTTRVTLKEINSLD,57,1,0
771,YIRIIDILIHIFTHVHIRSYQSYNSFLEVHTFHWQSRNRLKVHWQKF,47,1,0
772,NFHLS,5,1,0
773,LEYDECEKR,9,1,0
774,EFSNVIQK,8,1,0
775,FCSFFFVFETEPCAVTQAPGVQRHDHYSLQPRPHMFK,37,1,0
776,RTDIYFIFLLRCGTVLLFSGVHNNNMINLIGIQFIGMNSVTLWIVMNNVHF,51,1,0
777,QLKRSELVPLVDRETGAETHYKAVSDRHLKLFKYVEA,37,1,0
778,KLQHSCGNKHWTESENG,17,1,0
779,NHPLVKIFLLNFTTDSQIMFSFSPLQ,26,1,0
780,RN,2,1,0
781,AKLCLCMTQSPFYNKVLNISGNSIISHINSPGKDQNLKF,39,1,0
782,AISPCQLCLAGGFSRDIGGPLRGKEGRRNGHFACSFPDGCPWLVIADFGCCLADESIGLQLPFSSWYVDRGGNGCLMAPEVSPECVMRHRQPFPHMSTECRRLDAL,106,0,2
783,FFVLLVETGFYRVSQDSLDLLTS,23,0,2
784,LIE,3,1,0
785,TQ,2,0,2
786,FQVQWLPYCIIKAITQSRCII,21,1,0
787,PP,2,1,0
788,VYRKKNSVSFSLLD,14,1,0
789,ELVKNYLAERLLLREELISSIFLEPNTKLFVLSNTAPGLPFRMILDQMPEMLWF,54,1,0
790,N,1,1,0
791,NFSIHLICFKFFRKSNYKNLIHLVNIY,27,1,0
792,SKY,3,1,0
793,ASVPGQKFPFFK,12,1,0
794,QKPIIISDKTTALLSKLFGDWLLHICYAVHTDSNARTCVATLSPSGEPM,49,1,0
795,YVPDTQLGTMRNTKLSNIWVAPAFKKWAVQAGRLTYLPWEKGSSCGL,47,1,0
796,GSPLCFNFYKERTFEIRNLLFALCFCFPWPFTVYKTKLLCSAYQKTHYII,50,1,0
797,NRNWRGPPVSWAFFYLLWWLLEFLLLVLGYIYIFFFFLSLKI,42,1,0
798,PLRDNFFE,8,1,0
799,CQS,3,1,0
800,RYQV,4,1,0
801,WFRKYKYFLIFLEFQPLM,18,1,0
802,GQEIETILANTMKPSLY,17,1,0
803,EEIPRKIF,8,1,0
804,KNFFWSGTVAHACNPSTLGG,20,0,2
805,MFIYIHMSSFNIK,13,1,0
806,T,1,1,0
807,NKCAIVAQYVNIGENCMENIQKCFILYNSFVHPILFQKLKVLNMFSLEMYQKCLSKVLLVLRLIY,65,1,0
808,LMIHLKFRSNIYPHLFVYLTMCPYPLSN,28,1,0
809,ALWSQGLLVPVFRSVYSHEESMSYSII,27,1,0
810,GMSFTG,6,1,0
811,T,1,1,0
812,GCF,3,1,0
813,IESKSKQIPVLLI,13,1,0
814,SIVWISDSFSKLFLFPPQCLIVL,23,1,0
815,ELNLHTEFKIKNDHVKTQ,18,1,0
816,IK,2,1,0
817,EIINVTAFK,9,1,0
818,PSPCEKVLPLYWSCLFQALTQINAMQIL,28,1,0
819,VPILCQASF,9,1,0
820,L,1,1,0
821,RLRFLN,6,1,0
822,GEPSFHS,7,0,2
823,I,1,1,0
824,GKEQRSHSSC,10,1,0
825,VQDDKCDEN,9,1,0
826,KSLPSNN,7,1,0
827,PNAMSLGI,8,1,0
828,L,1,1,0
829,SLKFNSRNLFLVVHIYCKIFVVPAYVFYVQILFSTF,36,1,0
830,K,1,1,0
831,M,1,2,1
832,FLSIYSYISEKVFYSKLLAINRY,23,1,0
833,TMP,3,1,0
834,SYFSSHK,7,1,0
835,WLGTLIILSMQQENSSNESISPLYYFQPLDPHLFLQTTAMLLNVLMVCCPN,51,1,0
836,RKFIAYQIVPWLVVQLPCQIVNSNTNVTLHFI,32,1,0
837,LLLPRQLCNSTQIKINLEDEFLCL,24,1,0
838,TNKSHF,6,1,0
839,SLMNALLLK,9,1,0
840,ILKI,4,1,0
841,KIKAFAFRSVSGPY,14,1,0
842,YLHLDSCFASWNFFSN,16,1,0
843,LCQNKGQNKERFYLEQKRIYIYKFYMQIIYSFIYKYKYHPDVVVC,45,1,0
844,QIIQQSASLSYPIETRLIYMMINSFHARNKLEMSVALGT,39,1,0
845,VAKWGYVLNRGKWPFAD,17,1,0
846,I,1,1,0
847,VFCCKYSTFPGRCGEAKDIIRNIIYMIGKH,30,1,0
848,ILSKIEISLILNQMPFAPHPKMAL,24,1,0
849,CYELCS,6,1,0
850,KKNPILFVPK,10,1,0
851,PILFLFFLRQSLAVLLRLK,19,0,2
852,KSLTLWRVSHDFSVFFVYFSPKVLIQSVFYVFQCGVKEFISHGCIHERTFKGQGGSCGCC,60,1,0
853,VRTCGVWYFVLAIVC,15,1,0
854,ARIV,4,1,0
855,IPSSTPVFEYNVFL,14,1,0
856,GREYPYPSESLVSSCTFTAQPQMPWGESTI,30,1,0
857,ILLRAKKKKKRREKV,15,1,0
858,ITGHPVGSHKEWENCLV,17,1,0
859,AQEFKSSLGNMVKPRLYKK,19,0,2
860,YSIQSYLVLKVTSKIRWLFFVCFFFFFDRREKNTVSTE,38,1,0
861,ILASGRARWLTPVIPALWEAEAGRSRGQEIETILANTVKPCLY,43,1,0
862,VCRGFCCLLFGYALPPEVESTEAGRPP,27,1,0
863,GLVDNVSYATGYSKGTFSVLRWSLDCLKPRKIFYKQRNKRRKIQI,45,1,0
864,KIICIMGQQLQLFTDFKCKHLKNEGRREYRSGEGAGEKGKEGNEKYTLDKQTDKLVHFEKRVG,63,1,0
865,CYFSINLS,8,1,0
866,ISYIKLCFCQ,10,1,0
867,NHFQCLSWHLTHSTFYKLFIGYILSSN,27,1,0
868,QGIHVYRLHF,10,1,0
869,ENQTGCGRSSRKDKRGCSLCR,21,1,0
870,I,1,1,0
871,IILAT,5,1,0
872,ECRTPEILAGNLSLPKSTYLSIPYRCLPKNQASCCA,36,0,2
873,VSFP,4,1,0
874,KYKN,4,0,2
875,SILI,4,1,0
876,RKFIFPTSIEEERSACSKNIVQRK,24,1,0
877,KVYSHDTVAL,10,1,0
878,DQEGERVQLCDERENVRECGTEVSKAEQTRI,31,1,0
879,FPQSHVIPLSIMHMV,15,1,0
880,EEGKSTTWVSDKTLTLICDFG,21,1,0
881,VSPAYNGRLINISLEISFPADGLRIAGPVSSFAAQGNKCKGLRQTYSLTQDNQYNVL,57,0,2
882,HSWQLIGEKRSKRCTFMATPMGLGWRWRRRRRN,33,1,0
883,TCRGAGNCGVSREGMQAPHASPIPFPVHLFHLAVPELYPFITNW,44,1,0
884,AYYIVLR,7,1,0
885,Q,1,1,0
886,KLSKCKPSCLWK,12,0,2
887,LPGCDSFTVLV,11,1,0
888,NRGHSG,6,0,2
889,GLEAGARYLLWGTAT,15,1,0
890,YNELMLKLFKT,11,1,0
891,CLSGSTPAMVSQWRSILTPASSSSRRWLLSDRGFRLTSCV,40,2,1
892,CQAQISTYYNSRKDKCHP,18,1,0
893,TV,2,1,0
894,KQTLYLLLCQSLPSPLISHPVASFKTCLWPGAVAHACNPSTLGGQGRWITRSGDRDHPG,59,1,0
895,GGNFIRGGLRGGF,13,0,2
896,VVTILNITIDSTVFSKHLIFF,21,1,0
897,LHKFPALYGTPSFQTISDVLFIWC,24,1,0
898,IN,2,0,2
899,IGM,3,1,0
900,YHV,3,1,0
901,SE,2,1,0
902,GCPRLRGDGVGRNLCSRSRVKVRFGPEPQ,29,0,2
903,WRKFRHSPCS,10,0,2
904,HSPVNPSGPRLFLFPDIFSIIVSLSLCIIGLLIISISSCFNLGGLYICRNLSISSWFSSLCT,62,1,0
905,KHRSQIFLVQLPAYSLPAVCFLQGSSPLCDLASSSIK,37,1,0
906,FCLMSKVRFGYIYSKSCYHISFLEFYF,27,1,0
907,QIGFENYLNSHHFS,14,1,0
908,TARKTVLTF,9,0,2
909,RGWPTGVLFRLRVQLLKSTANPEVPSVGGRAIWRIVRKAFQSATVPK,47,1,0
910,NKAS,4,1,0
911,LELRRRRLL,9,1,0
912,NSASKQNKKLI,11,1,0
913,SFSLVTFIHSEQDLPLPLSSSGYFM,25,1,0
914,KYVLTINPALRQIHTAFLPFPGGLTSNVRHIPFL,34,0,2
915,TKSSLSHISLFRKLVSYSLPRHSPAKWPEDQSSPRFILQTYILPSYSASYDSTVGFTKTVQSALWHTIGNRTI,73,1,0
916,DKNLFLVLYTFFY,13,1,0
917,CAALTPPP,8,0,2
918,NVFIPLCSFCLGQGKSATGLTFSYELCPCYWLYFRQIIMCQI,42,1,0
919,GLGNDMELRK,10,1,0
920,RTHRAVSTSTVGRDRASPIPTAGTTTTLHPILSSESESLRKNTQNNHHNSGHSCGW,56,1,0
921,VLWQISGHKNTIKLLNKDKSLLTLNIEINVSYIYV,35,1,0
922,RRWFLYKHKHISKILFN,17,1,0
923,LH,2,1,0
924,LKECK,5,1,0
925,LVVLQNIGENLLNHHIHKY,19,1,0
926,HTRMASLMNLMKIHPQIPWKVSDQKSSLFLWQHSKIWCLGNVLHFN,46,1,0
927,PLHFTG,6,0,2
928,SY,2,1,0
929,VVCFA,5,1,0
930,HRPFVTHIWLRINLFKYFTEFDSFH,25,0,2
931,GESLLSLQTPLAYIVYLKTNCFVHTI,26,1,0
932,IKIDLHNIVFNLKDQISIFISF,22,1,0
933,VNIGFFNW,8,1,0
934,CVFFFLKLKSFELVRF,16,1,0
935,LPV,3,0,2
936,TFLTTSHF,8,1,0
937,TGHILIIELS,10,1,0
938,NLILEAVKPHSFKEPLV,17,1,0
939,KEVPETGKFIKERGLFN,17,1,0
940,ASCVWQIMKWKCREAKSTGGNGLTSAGAGSARVEAENAPSGGWRGVGDGPRV,52,1,0
941,IVAVNMAVLYENITDSP,17,1,0
942,CGCVPIKLHLSKQVVGWNCLVCCSLLTTDRVERTCTNHTNQSFS,44,1,0
943,ISRSFPPLMHMRLTESLGGREFMIGNSILFI,31,1,0
944,SWLRVQSQEVLRKDAQGGWVTAWFYTF,27,0,2
945,TTLYSLLNIIP,11,1,0
946,FRVSGRRSS,9,1,0
947,LLTCVVFVIIHQKELSIWCLWKAN,24,1,0
948,LHSGKK,6,1,0
949,QGSNKRCQDWRNILIYSKLSP,21,1,0
950,IFFF,4,1,0
951,QSSLVPG,7,1,0
952,NYAPINTKYEILPFCDVFYSLVFVYKW,27,1,0
953,LTCTMCTCTLKLKV,14,1,0
954,EQLHPSLMSSAPGTVSDMTVDNKGLMLVMDFQLVDNFTWERLQVI,45,0,2
955,HAPPCLPP,8,1,0
956,L,1,1,0
957,IGCPFPTLCFCLLC,14,1,0
958,LIIAVTYGIMFSTEHK,16,1,0
959,TFLMLT,6,1,0
960,IVPQ,4,1,0
961,LIFLYVYNSTTYCTWIRGK,19,1,0
962,TGIFLHSKF,9,1,0
963,LRDPPASASQSAGIIIFSGDGVSLLARLVSNSWPQVIHPPQPPKCWDYRYEPPRPAGSWLFFFFFFLRRSLTLSPRLECSGMILAHCNPCLSGSSNSPASAS,102,0,2
964,QQQTVTKLNNERIYKIE,17,1,0
965,KERGGEESELWRSRGTQVSTCGSKRASLEILENTGWETNGRGHREGVVLP,50,1,0
966,IQQCNFPLDFHLFIH,15,1,0
967,MQLEATTPETRREAVSGSPRA,21,2,1
968,SMKA,4,1,0
969,EGKERETEMVDERESQDDYGGYDTCHAEHPIEHPIST,37,1,0
970,SSHKSSIKLLFFYLKTYFQKVIEIGCYKRKKLMS,34,1,0
971,CLLNFK,6,1,0
972,AVGRLVWTQVA,11,1,0
973,VS,2,1,0
974,DQEH,4,1,0
975,DNVIFFFLCLAYFT,14,1,0
976,LTTEHPGNSVSIM,13,1,0
977,GKRFLFFFFRWSLTLSPVWSAVVLSRLTATSASWVPAILLPQPPE,45,1,0
978,EIEIETYSLKYQLFSLCIVPAQTNSRYYG,29,1,0
979,G,1,0,2
980,AKSRWICLPDKGRSAK,16,1,0
981,RNKQ,4,1,0
982,LLELI,5,1,0
983,NKYCFFLRVLASVL,14,1,0
984,I,1,1,0
985,IP,2,1,0
986,YRSLS,5,1,0
987,E,1,1,0
988,VLACRLYECNNKTEFYASRSISRIFTE,27,1,0
989,TMGQTIGPIVGVWSEVCFGGERSMSGDS,28,1,0
990,DPFSTKKKYVLN,12,0,2
991,YQRQAGIWYLIVSLMCTIEY,20,0,2
992,TKPNCIFFPILTHLLNH,17,1,0
993,TQLCIITIIATLQCLNIKSSIPPMNILNI,29,1,0
994,FLH,3,1,0
995,FFSFSYLHLITFL,13,1,0
996,KLLQGLLNDQSIKAHFFLSWQKHSFDKFDKFL,32,1,0
997,AYTTCITENKG,11,1,0
998,TY,2,1,0
999,S,1,1,0
1000,SACLGLPKFWDYRREPLRPARNWLFKGILCGPFYK,35,0,2
1001,VQFLLNGHHFDTIVKSKNHKFGIICK,26,1,0
1002,LLMEVSIRIRLGSLWNKMILQQFVLQTLV,29,1,0
1003,SACYD,5,1,0
1004,GD,2,1,0
1005,EHEPYCELHM,10,1,0
1006,AERRTELSAGAGPQLGGGGARCGGGALSRSRAEARVLKAHLFHHY,45,0,2
1007,VGQQSIILLTIALVLLSFPI,20,1,0
1008,LMLQSHIIKPKLSCLSDLPRNQESKRQ,27,1,0
1009,LHL,3,0,2
1010,CHRCSNRRVHTVACEY,16,1,0
1011,LHFNG,5,1,0
1012,ILLRVCKQ,8,1,0
1013,GR,2,1,0
1014,KMRLFAFPDF,10,1,0
1015,IIKYIT,6,1,0
1016,IITFITNIYTILMEIYLDVALLGIFFK,27,1,0
1017,LRTQEVSNLSLRTGFFFLSLQRDSTSQVPFSSPLKEQGPQCCKFS,45,0,2
1018,YL,2,1,0
1019,LHSH,4,1,0
1020,PTW,3,1,0
1021,IFSQRISCMVVYVWGNTHPGTQLYRVGHVLHTSVCLSSCLPSPLNPSLPPCLFRSFPLEFSAYSLLSFHPNVVTNIVLFSLSIYTAEASTAALESRDISNPIIPKDEVSLKNRDSLF,117,1,0
1022,RWSISAV,7,1,0
1023,GCTYSFALRFQFLLSGLSIYYLLYIRRGMCFLLMSRNFGINVIVLQSIDR,50,1,0
1024,AIFPLCNLIINLEK,14,1,0
1025,TKATPNVVTCDRD,13,1,0
1026,V,1,1,0
1027,LRFLISSAI,9,1,0
1028,SQLTASSASWIHAFLLPQPPE,21,0,2
1029,NRKGLLARGDI,11,1,0
1030,IVNIAFGKD,9,1,0
1031,AIPAPQHCSATPLTALCTWPAILVRSEG,28,0,2
1032,S,1,0,2
1033,CLHSSLPLKFSHKMILGSLFFPISLSFSPPSLPL,34,1,0
1034,TMSSLRAMAVAFTLYPQHHSEGKRKNTQRWSWEAGCPSSE,40,1,0
1035,FPK,3,1,0
1036,VA,2,1,0
1037,PMIIPLHSSLGDRTRPCLINK,21,0,2
1038,LPHSIVRHFLLSSNFI,16,1,0
1039,LESHPGGETWQQNGLQLCYCYL,22,1,0
1040,K,1,1,0
1041,SLSVFQCHSAQ,11,1,0
1042,REGE,4,1,0
1043,QSRLWVETVLTDVLATASLPVAETICPSSRKCASSKPLG,39,0,2
1044,V,1,1,0
1045,NFSKGS,6,1,0
1046,LTMAVMLGFMKIYF,14,1,0
1047,CAGNLEISSQISYKKLASGFALSIESRPKAYSCYSGPCFIWPLSFQPYSSQILNKILHSR,60,1,0
1048,PGARIFLP,8,1,0
1049,NKLS,4,1,0
1050,PTWRNPVFYYKYKISWAWWCMPIIPATQED,30,1,0
1051,NVISLQKYFIFIPSHFNNKNHAYKQHELRTDTKDKNIKLLIAI,43,1,0
1052,TACLFKLVQIMFSKAK,16,1,0
1053,GCSIASSFSYCLAPVLLLKLLQI,23,1,0
1054,GTWI,4,1,0
1055,DSFLHLDFRQPDGCVPRW,18,1,0
1056,PLDKRLSRGSQSEPCKYVLNQWVIFSVSVGPWICFADCCEYVGMSSIEGSVDGFHWFL,58,1,0
1057,FHIFILIFSPNFSKTYFCKPLPTKLKSTFTSE,32,1,0
1058,FCIL,4,1,0
1059,NAY,3,1,0
1060,VYS,3,1,0
1061,FKNYLVSLFNYSGA,14,1,0
1062,AVWSS,5,0,2
1063,PKDHSGADYSISMYLYSFEGFFWS,24,1,0
1064,EEGTSISV,8,1,0
1065,FCWFH,5,1,0
1066,LTTARLMPGQWEPSPMKSSGLSIPSTARARPTLKAAATKRLSYLHCPSQCLQT,53,0,2
1067,SRIPDFKELSCRKTVTIY,18,1,0
1068,SRLTATSASWVQVILLTQPPE,21,1,0
1069,NIPYVDMDWISVQSNFQLFFQPFTTQSKD,29,2,1
1070,KHILGLEKIASLMTYIGEEIRDRNFTSEI,29,1,0
1071,V,1,1,0
1072,RKDD,4,1,0
1073,HSETLSLLKLQKN,13,1,0
1074,YR,2,1,0
1075,LSSQNSQVLLLTFFSTLCSFEVGKTR,26,1,0
1076,QPVMIRAAKQSKK,13,1,0
1077,IIESIHMLFDILLYIYFYYTLSSNVHVHNVQVCYICIHVPCWCAAPTNSSFTLGRSPNAIPAPSPHPTTGPCM,73,1,0
1078,TLYFERGLKVIPR,13,1,0
1079,RYQDIFKKHLLSVGSAKAGSFQLVMAFKN,29,1,0
1080,KIHKV,5,1,0
1081,AW,2,1,0
1082,KEKVQI,6,1,0
1083,LSVLMTCLVLSVEY,14,1,0
1084,CGLH,4,1,0
1085,HLTFMKQCKYNFSILITAST,20,1,0
1086,GGGRGSDLPKDTAVRAKQWLLGFLVSIPVLIAHHHCLMFELWPVWGDR,48,0,2
1087,GEGIRIMGKEVVIKSEGVPEEAMLKNTPYVKYTVSIS,37,1,0
1088,INKY,4,1,0
1089,STRQPTDPFICHLVTSNSSPEPAASTDQSQVCLLFC,36,1,0
1090,SPLNTNDCL,9,1,0
1091,AFWTKQYIMFIM,12,1,0
1092,EE,2,1,0
1093,KVSNMWNLELLFSFLKIFLNILLITGASLTFCLTRFFSHQSDRTFR,46,1,0
1094,F,1,1,0
1095,FFN,3,1,0
1096,P,1,0,2
1097,RN,2,1,0
1098,ANSHSISYQESWLLKRAGPGTSLPSPSCFLSHHAISAHSSSPSPSAMSGSSLRHSPDADGQF,62,1,0
1099,YSPGIGKILGKESDSTYFKP,20,1,0
1100,LAE,3,1,0
1101,SQGLALSPRLDCSDAIIAHCILEFLGSSHAPTSAS,35,1,0
1102,LLSHGSKVNVESANRNGLRFSQVLKNICFHRCLQETRSLEFKL,43,1,0
1103,SSPFLRIL,8,1,0
1104,TLVLLLPFWTE,11,0,2
1105,AES,3,1,0
1106,VYFYSSIRQ,9,1,0
1107,KEMSYQATKTHGENLGT,17,1,0
1108,L,1,1,0
1109,PFTPHSPRCISFEK,14,1,0
1110,VYHPTVLQNARTHSSYLAPISYSLTNLSISSPPSYPCQPLIIIILLSTSISLSLI,55,1,0
1111,MN,2,1,0
1112,FYHRWYHRWKGLALFQMIL,19,1,0
1113,VST,3,1,0
1114,NPYAQSPLYTSVGCQSDFFLVSKYSYF,27,1,0
1115,S,1,1,0
1116,SLFLESMKCFLAVLPLI,17,1,0
1117,FTFISDKKDTTIKNKIIFAAEYLQKH,26,1,0
1118,FLVSI,5,1,0
1119,FLHAVLMIVNEFS,13,1,0
1120,IEVVKAGILVLFQFSGEMLSNFPPFNIMLAVGLS,34,1,0
1121,CSQ,3,1,0
1122,GFRHKLLIQETIVPSVTVSAKLSQLCHLK,29,1,0
1123,DYRCMVPHPTNFCILSRDGVLPFWPGSEKLFKVSFAASYLSTLFHS,46,1,0
1124,PSLQWRERMAWPAKLLLCHSARQVSGPDNIRREPLLIFG,39,1,0
1125,WHGDPPSCLPAAEARDYGFCS,21,0,2
1126,LATPPPPRASGPLILILRTRKTYR,24,1,0
1127,EGYYT,5,1,0
1128,EYLYIRKFG,9,1,0
1129,I,1,1,0
1130,I,1,1,0
1131,KC,2,1,0
1132,EQYGLLQVYIHHGKKEIYLRNERG,24,1,0
1133,NGHNITILSGCYED,14,1,0
1134,NN,2,1,0
1135,DNLVISACILFRKQLELLKLCLFVCF,26,1,0
1136,EG,2,1,0
1137,FCPNIYDFLKMNVSVPT,17,1,0
1138,QYFLPTLK,8,1,0
1139,IMFCLIVHKILQPAYLEKHFVHDMYIYEACIWINTYKVVKIRQILYFRPLLKLSFFKNKI,60,1,0
1140,KLFLDHRSFSWSLCLFTYKINSEKMTHSNYCKSQTINYNTVYCIIVQKYLYFKMF,55,1,0
1141,TI,2,1,0
1142,ITF,3,1,0
1143,DSGCLCMMTEGFPGTNIHPCIHPSTYSSIDLADNY,35,1,0
1144,LGVHI,5,1,0
1145,KMNCSLNVDCFLLKAKINDIVFKNN,25,1,0
1146,CT,2,1,0
1147,PNPLPVKHPVLASKHALVGA,20,0,2
1148,QPYLDSPLKL,10,1,0
1149,VNKVYFRIRIILIYRHLNSIVFLPKSRHNV,30,1,0
1150,TINKHLLN,8,1,0
1151,WELHLIVDFSWQYYPGFSYFGTLCCCLLFLLSASLNQLLPTLQYFLRAIHPPVSLPESSLPSLAYYISFLLVPIAPMHTSVIALANLFYNDLLICLLT,98,1,0
1152,L,1,1,0
1153,DLMV,4,1,0
1154,EKVGGIKKEGKQNNISLYSKRV,22,1,0
1155,SHLGFCIQSVITHSNPHPQPLANQDRGQVKFEGNISLYFYLFIYLFIYLFIFETES,56,0,2
1156,PLHLLLRCGLGRDQPVPRVTVPQLMFHIFSNFMLEMSINQNNMVRE,46,1,0
1157,RKSL,4,0,2
1158,G,1,1,0
1159,E,1,1,0
1160,PQSLGNYSRKIFKTQNTLENLTSYFDSGLSFLKYFL,36,1,0
1161,PNQSALPTF,9,0,2
1162,IQRYQN,6,1,0
1163,QLLHSQQLQDC,11,0,2
1164,SQHFGRPRRADHEVRRSRPSWLTW,24,0,2
1165,WAASLFSCHSTLLSLL,16,1,0
1166,QRTAKDV,7,1,0
1167,FDFNPILYILRPKHCLPH,18,1,0
1168,QIVLLGKSINMSLKHFLSFKII,22,1,0
1169,EF,2,1,0
1170,SQVFETSLANVEKPCLY,17,1,0
1171,LTPSISSRLRGLHDV,15,1,0
1172,RILLLQNIKQQGNMYRLLFTCI,22,1,0
1173,FLGQHHQHYLGNELEMHILRPHHRPI,26,1,0
1174,YLSIIFISMLNVFI,14,1,0
1175,IIKLIFKLIEH,11,1,0
1176,NLNQT,5,1,0
1177,EA,2,1,0
1178,TLEAEVAVSQDRATALWPR,19,0,2
1179,KKCINKNNILVL,12,1,0
1180,NLI,3,1,0
1181,MCSQ,4,1,0
1182,VLVYFMHGSRQLILLQIWPREAKRLDNPALDSKAYE,36,1,0
1183,AVHI,4,1,0
1184,KVSFFLFSFSPKMESCSVAQAGAQ,24,1,0
1185,NSEFYNTE,8,1,0
1186,ERNQITSPSAPNHPVTSYHT,20,1,0
1187,INISFTSVSIILVYVFLFQLGKEQQNDFLSCFLPKT,36,1,0
1188,TMELRLPFMSLTT,13,1,0
1189,PGKAPSR,7,1,0
1190,YFAGIEQSMG,10,1,0
1191,RNSATWIHHEVERCSITLS,19,1,0
1192,C,1,1,0
1193,RIMKRKSLHVQFKC,14,1,0
1194,RRRIT,5,1,0
1195,IIFFISVVSVVVSPISFLIELV,22,1,0
1196,NSISSYFHIFLQHMAHKKHTINTNILS,27,1,0
1197,TTKESEVAVSQDCATALQPGNRVRSRLNNNNNNNNNNNKTVRSMVGF,47,1,0
1198,NQGYSNFLIIETFLH,15,1,0
1199,LCDHGQLASFFSCIICIK,18,1,0
1200,RPYIIWPSVTSYFLSLFSLYATLQLHSNYTVFFPVLQTCQPYFHCSINM,49,1,0
1201,LAEPSVHVCAFVCPCMCVL,19,1,0
1202,VCLFSFCFVTRHLECQ,16,1,0
1203,SILVWKRLYRQLDFVLTFYR,20,1,0
1204,FATIDIFQYNVLNNTI,16,1,0
1205,QVGVLDV,7,1,0
1206,ANNFTYTVIQNVSPVLPCLPSLLLPP,26,1,0
1207,GASSICGWQSRETGACDE,18,1,0
1208,VMG,3,1,0
1209,RRYLI,5,1,0
1210,YT,2,1,0
1211,HCCMH,5,1,0
1212,V,1,1,0
1213,KN,2,1,0
1214,AYSPA,5,1,0
1215,RD,2,1,0
1216,IR,2,1,0
1217,NITTI,5,1,0
1218,M,1,1,0
1219,RIQFCVPYPVILRGSQKMLVSKENCKLGSQL,31,1,0
1220,AYSPSYLGG,9,1,0
1221,EKTYFC,6,1,0
1222,WIVIFYCDNHNEIVGRD,17,1,0
1223,PQITVQLQESLGFQQRLLVEESCIRQTCLGCSFLAAPSHWLEASLGSCAVVDPIAAAAGGQ,61,1,0
1224,INF,3,1,0
1225,RVLKKKEEEEDEEEEERM,18,1,0
1226,NMNGFVTLL,9,1,0
1227,DMPGMQLGTGKGVLF,15,1,0
1228,YTFIKILIFSKVLKII,16,1,0
1229,NIKCKFTTADDVCALN,16,0,2
1230,RMGWITL,7,1,0
1231,VMGRN,5,1,0
1232,LLPQYLLVVAVVNCVIILWVLLNLCFKEVLF,31,1,0
1233,FPPLGLLATTTFLYPLRRR,19,0,2
1234,IFYEV,5,1,0
1235,LEETL,5,1,0
1236,KPSVMPA,7,1,0
1237,LFVFKFSNGQGLEEILILCRDPSLNVLIAYYYMCNVT,37,1,0
1238,SATIG,5,1,0
1239,DLGQNALIFMCLKFSCEMRIKITPIS,26,1,0
1240,FLDAVICFGIEMDL,14,1,0
1241,NFP,3,1,0
1242,GLVERE,6,1,0
1243,KLLVSRTFSPERSIVI,16,1,0
1244,LST,3,1,0
1245,REENTCNILSQDSQLPEEKQCILHKFMLL,29,1,0
1246,EAPGFFIYFFRNFSKKDFIRSREKCEKRISFCDGE,35,1,0
1247,FFPKGP,6,1,0
1248,ELPLCLALCYEPHYSFLTTIKQDK,24,1,0
1249,FCLLATVSELSLGNK,15,1,0
1250,KLLIINYTLFI,11,1,0
1251,ETFGGAWWLKPAVLHFGTPRLANYLRSVV,29,1,0
1252,CQEFETSLGK,10,0,2
1253,VMKIVAVVINCYWSMSLLQKRVHTRIQ,27,1,0
1254,KFDF,4,1,0
1255,SLLTTTSTSWVQAILLP,17,0,2
1256,IKADARTYAYFLAGKFQDLCTLGLRKKWSLFFMH,34,1,0
1257,IS,2,1,0
1258,LCIFRVCNMMLSDTLDTKKLLY,22,1,0
1259,KKISDEKFIKSSLSLSICPITT,22,1,0
1260,NKSYPHKL,8,1,0
1261,L,1,1,0
1262,AMNVPLYSSLGSRVRSYLKKIIKNNKVKEK,30,0,2
1263,SFGDISLIGSIVSY,14,1,0
1264,NHRSEPLHPAIIF,13,1,0
1265,PLFKITFFKTNTSHLLILQPVNHRGLEMSLTNIF,34,1,0
1266,F,1,1,0
1267,PVAHGPQAAQDGFE,14,1,0
1268,GREVENIHIFETSMLFLFKYEFWA,24,1,0
1269,GHLLF,5,1,0
1270,NNH,3,1,0
1271,C,1,1,0
1272,G,1,1,0
1273,INLKLKSPNV,10,1,0
1274,K,1,1,0
1275,IEKFRKKIKRIQNKY,15,1,0
1276,LIISCNDGIKHQLG,14,1,0
1277,NMCKFHNDLLLKCAKIRLLRHIPEPWGVCVCVCVCVCACVCVLVF,45,1,0
1278,KAVSVD,6,1,0
1279,RVICGLERQVSRKKCLSQQFMKMLKKKKN,29,1,0
1280,VT,2,1,0
1281,SLLGGKFHLFRDLVPNLAMSNQAFNYYI,28,1,0
1282,KILMQNKCIMLSELFSFRSLFTFLFLQVS,29,1,0
1283,ISDCLLSCNKMKPNPCL,17,1,0
1284,INNFVKQLILLVKIKYILNRLINFLFLRQSLALLPRLEYSAMILAHCNLPLPPGFKQFSCLSLLSS,66,1,0
1285,PER,3,0,2
1286,LLSFRETLMMLFALSRGNCQKRSFGSQTIQSI,32,1,0
1287,STVLEV,6,1,0
1288,VLHV,4,1,0
1289,TFS,3,1,0
1290,I,1,1,0
1291,YYLLILKKQFPLNSSH,16,1,0
1292,IFDIMTVHGSL,11,1,0
1293,V,1,1,0
1294,SLHYFYIVLSYA,12,1,0
1295,NRV,3,1,0
1296,LGLQAYITMPG,11,1,0
1297,TYLYLLTFILAK,12,1,0
1298,GSPNGINRMCLYRGRFILRTWLPMGIGKVLKAAE,34,0,2
1299,ESNDKCNVLESSQNHSPSPHHPCPWKHFFQKTSPWCQKGWGLLL,44,1,0
1300,ILKCYSQV,8,1,0
1301,STNFAANSSAFKSLHK,16,1,0
1302,LHLKLKVLLLIIFYVKHP,18,1,0
1303,LCYSGYFILRK,11,0,2
1304,PNTSIFSDP,9,0,2
1305,YK,2,1,0
1306,EATKLPVAFSQINEIYFTLFLKDILFVQTLLQSTAS,36,1,0
1307,GNNRKLIRYQNKLYHRTRKCNCDK,24,1,0
1308,C,1,1,0
1309,NIV,3,1,0
1310,GWGYCNSAKDLQWQTWNANPGSLIPGFLHLCSATWDG,37,0,2
1311,NYQIS,5,0,2
1312,LIIESGVLKTPTTIVEWSISPFNPVNVCFTYFGELLFDVYVFIIVIHF,48,1,0
1313,IQ,2,1,0
1314,LPHWISDLHGACSSFVLANLSHLEWLYLLNACTSIVSRK,39,1,0
1315,THICVCVCVCVCV,13,1,0
1316,CMCLFCV,7,1,0
1317,RMTKCGSVFKD,11,1,0
1318,DWVL,4,1,0
1319,D,1,1,0
1320,YGFKPSLTIEFFTLGKTPLTFMSYRQ,26,1,0
1321,FKTFKSSRVCQ,11,1,0
1322,AACLGLPKCWDYRHEPPCLATSLF,24,0,2
1323,KIQERSQATSPSPQHHPGSPRLHLFRAAAARGPGRLP,37,0,2
1324,INHRVPELFYRLEPQHSVGHLVDPTGSRARKSESSISKG,39,1,0
1325,SEILGTDF,8,1,0
1326,RWGFTMLARMVSNS,14,1,0
1327,ILLNPRILYENLTAFFFLIMCQSVGRTFIYVLINCQYNHFYLKIL,45,1,0
1328,ISEYDLMICENRVNYNNFKCKLMLLEKKQKEHTTQKVCLKDLCFLHQYKCSLIQRWIMRYDHKTKISREIYFIQ,74,1,0
1329,ILIQQVRDGA,10,0,2
1330,LAQGPEGGNDALAPLIA,17,0,2
1331,LFCLRG,6,1,0
1332,SSMMASWPSCA,11,1,0
1333,C,1,1,0
1334,VRLVLKCERGLSFMGNQQGSLLFFIITNLTIVWDIKYQIVGNIYPY,46,1,0
1335,KYLRTVYSPKVKLLGKCYTILLLQSHLPENIRRGPLV,37,1,0
1336,LNNIVQSFRFFEILYFLTKYLAFPKQDLNNSFKTQSCSSPHRSLKKAEDL,50,1,0
1337,HKF,3,1,0
1338,IEE,3,1,0
1339,TLQMSRLLPTWTTVT,15,1,0
1340,TLQRNNYFANTFSIYSFILHYITSLKGWRRPKTIL,35,1,0
1341,LCV,3,1,0
1342,ITLYILIVYLGPNT,14,1,0
1343,WLCF,4,1,0
1344,KLNT,4,1,0
1345,FSMAILKIHVKAFNLHCYCVVAQKKKM,27,1,0
1346,TKKK,4,0,2
1347,LKIP,4,0,2
1348,HGFGSQICSYLLLCL,15,1,0
1349,SLCESIVCFIA,11,1,0
1350,F,1,1,0
1351,G,1,0,2
1352,IGYSF,5,1,0
1353,NSTRLLFLPNQSLY,14,0,2
1354,FWLGITEGFLV,11,1,0
1355,FKSMFLC,7,1,0
1356,EYRQCELKHEATYDISLKGFN,21,1,0
1357,IIPQGLQTIGDVGQWFPRNILNKTLTRPYKPAFLTRALDDSRRVWFGKQFLPLLCVILNIFKIKVISHRIE,71,1,0
1358,IS,2,1,0
1359,RQ,2,1,0
1360,Y,1,1,0
1361,SI,2,1,0
1362,KFGIMLNVYKKYNCPEIILSHWSVVMRPKISHFIYLFDLKH,41,1,0
1363,IQRTVDYHHHFN,12,1,0
1364,KTFFISFLKYCYFPFSSSISDYTSNFTSLLPSFLRKFFMQCHLVFLHLPLFLTLIL,56,1,0
1365,SLLSVSSRRISMRNVIIPTGGLCHLSKMKHYFEYNLAINVLRDH,44,1,0
1366,FKMVMCMYFHQRAHNTVNPHLTSSIVSGNCDLKQNNI,37,1,0
1367,KLSQLPPLGSQCCISHRGKVVPFSHGFKQSKTKPPILITPLLAPSPRCAERALAPQSDFSFSFMCKKTMLKMKSPSIMEKALA,83,0,2
1368,KDKNQNT,7,1,0
1369,LKCLNQLYCH,10,1,0
1370,M,1,1,0
1371,MLILSLLLYFFKLWLQTALSDVIVTRTLGRERDVW,35,1,0
1372,FKKKRI,6,1,0
1373,LKGSVAVLEYLENIVE,16,1,0
1374,IHRS,4,1,0
1375,A,1,1,0
1376,YSFNKE,6,1,0
1377,STKNS,5,1,0
1378,DRVSLCRPG,9,0,2
1379,KWKLWVRKRK,10,1,0
1380,CLLNVSFWIIKRFIRLLIIIFVTLGNVFENILNGIAS,37,1,0
1381,DHANTLQPG,9,1,0
1382,VFS,3,1,0
1383,FLRFWVLDLSL,11,1,0
1384,NIKFTRFFLIC,11,1,0
1385,FGTSSFPATLLSSGVPSCSRRMQVLSHKPGGLSRPLLGLSHSSLKLWVPWDRVQISPWIR,60,0,2
1386,MGFTQVSVIVQGINFGPQK,19,1,0
1387,GLIACDCHLQWEGEKSCKTESLTCGSMLTPGR,32,1,0
1388,FS,2,1,0
1389,SSRVYVCVHVRVVGGGREKGVSILRATRIRSQKGEWCVASPFQKGLKKKLDMMVR,55,1,0
1390,LLPRMCQASL,10,0,2
1391,QLRASSVLDTILGAFHTLTTLCSVLTLHSPCTLEIEPREDKDRGDTFQDRSPSGCLKPQIVTNPIYTVFFPIHTYLW,77,0,2
1392,FIKG,4,1,0
1393,EELKS,5,1,0
1394,TSKHK,5,1,0
1395,TKTHTVFAFSFPSLNLSRNYNFDKFNH,27,1,0
1396,VYKCISVVFFSTMCFFFFFLSYFPAFGSLFSQVPCDPQWCVFTLTKAIVLPARNSCDI,58,1,0
1397,KFIYFLPF,8,1,0
1398,RQA,3,1,0
1399,KCIHLYPTLIEVISSNFQVLALPMHVDET,29,1,0
1400,IEFAAMGQRQVIEY,14,1,0
1401,L,1,1,0
1402,FCPSLQACQHYHSLGPAHLSPNLQLDLSTMQFCTFPVTTLQLFPSPSKIKSKPLTNTFRNSVAYGFLQTNFPAVDFQCK,79,1,0
1403,EQHGGNSSHDLVTSTWSLP,19,1,0
1404,KSKC,4,1,0
1405,DGWVYGWTDGQTDGQMD,17,0,2
1406,WLIPSILISDFLSFEILMVPRI,22,1,0
1407,QIHTPLQKKCSY,12,0,2
1408,LGLQVPTTTPS,11,0,2
1409,KHLLFMIKHVV,11,1,0
1410,LNFFDKHGTRIRLYQRYYNFHFKYGTNTV,29,1,0
1411,SPAPDLVFCHSLTGRS,16,0,2
1412,FPYRKYY,7,1,0
1413,AY,2,1,0
1414,FLYYIV,6,1,0
1415,IVNSSYS,7,1,0
1416,SQQIVGTSLALRAQTSGAPSWFSSATPAT,29,2,1
1417,LSFL,4,1,0
1418,SPPLLLCCCLSHVLGLVVIAL,21,1,0
1419,SYECSCP,7,1,0
1420,IN,2,0,2
1421,TNK,3,1,0
1422,LSYQTVKLTKHLLK,14,1,0
1423,RRRNFRRGRENGTLTLHSEFPEATLPEVCFGMHWFLKWL,39,1,0
1424,SDHMS,5,1,0
1425,KNEGFRRKSPQSTHFSCDKYHEMI,24,1,0
1426,GASVRCMRKGHCMDGWCWLLRCSGEESHIVGPQRSEERMLHSRSRNP,47,1,0
1427,ATTYSSLLFLHLLSIFSSILSSPASDFFVVLQVFYH,36,1,0
1428,IQVYGSRWLVEVE,13,1,0
1429,GAHMITH,7,0,2
1430,VTEMEKLAVCLRELF,15,1,0
1431,NGTKYRVSTK,10,1,0
1432,PFFHVSVGCINVFF,14,1,0
1433,TPHHFKMLLNDAN,13,1,0
1434,LILLPFRPREFKKGVNLFMQLHF,23,1,0
1435,TEITSHTRTDSSHDILAA,18,1,0
1436,WTF,3,1,0
1437,SSFTYFFIVTSSLIKWHICILHNSSLPNTYLWEMRDLKYIPTRDIVLR,48,1,0
1438,TGKLNLLGVPQDRVHKPSLEIELSILNCTLHESKQECFALY,41,1,0
1439,LKFFPTSPCITSLFLHFHFPGIVLPNKLLAVKEASSHDLFYRALQLGRVRNDNQLYQLFNPTGLFKKNLNKLFREKEVSLSHFCFLI,87,1,0
1440,LLSLSLLAMRVIPL,14,1,0
1441,CLQICYFLLSLALAVWAVVLFHVNFKIFFLVL,32,1,0
1442,QIMISTWGNSIFYFGSES,18,1,0
1443,GIGFRTSLGY,10,1,0
1444,FLPEHHTTL,9,1,0
1445,SILLMHAVYKILHQPGAVAHACNSRTLGGQGGWIT,35,1,0
1446,NILKICFNQSGEVLLRR,17,1,0
1447,FKFP,4,1,0
1448,PFHHIHSSYNSMLFTVNIYNKIYF,24,1,0
1449,RQLQPDLWLC,10,1,0
1450,YAYY,4,1,0
1451,RMNWHYLGRGVGKWHSQQREEQVNSSYAFSSEKPMSTTSLTTGGED,46,0,2
1452,K,1,1,0
1453,YTSF,4,1,0
1454,LFFFGGAGEKYRLQ,14,1,0
1455,INCEATA,7,1,0
1456,QSKTPSQNK,9,1,0
1457,DDFFICVIRDCFL,13,1,0
1458,FCKFLLL,7,1,0
1459,ASSKFC,6,1,0
1460,IKNL,4,1,0
1461,K,1,1,0
1462,HNCQECLLSLSEVPVLNSKLYS,22,1,0
1463,IFILSEAGRQKYEIKGVVVENPFHGLEVSNVTGSPCRPVEVAAQVAAASPEAFLEKVDT,59,0,2
1464,GSLDPQSML,9,1,0
1465,CCILCHLFIHKLKT,14,1,0
1466,INHYVYY,7,1,0
1467,FPE,3,1,0
1468,RLGLLKPKSLKPYLCRVGTYTSEVRCWHLRGHEVKP,36,1,0
1469,GMVINK,6,1,0
1470,TVALQAGLIANK,12,0,2
1471,SFYM,4,1,0
1472,AYCYVFIKNH,10,1,0
1473,M,1,1,0
1474,LQFKTIHKTLQVPVIF,16,1,0
1475,V,1,1,0
1476,DGVSLLLPRLECNSMILAHCNICLPGSSDSLASAARVAGTTGACHHTWLIFVFLVETGFHHVGQAGLKLLTYGDPPALASQSAAITGVSHHTKTQFYLFLF,101,1,0
1477,KGIPSPLALPG,11,1,0
1478,GRRIV,5,1,0
1479,Y,1,1,0
1480,DANCICHANI,10,1,0
1481,NFFQKYKLLVRCDGLYQ,17,1,0
1482,KGVINSFTRLFNK,13,1,0
1483,HAVYQYLSVCPQISKFCKHKLL,22,1,0
1484,MSAIVVTSMGC,11,1,0
1485,WKQYEVGHGVKLENLNTMLLLDCSSHFFRVTLFPHLMLTPFPKSYIMISQQDALGFLYSTHYEITQEAYRNLTTSSLSQVYRR,83,1,0
1486,TREAEVAVSRDPATALQPGLQRETPSQTNKQTKKKLLKYNNRDIT,45,1,0
1487,IFREGNVFLAGILYLLHRNEAFTETSMKQNVSECVLYTCYKPLFFCSYILEKNLCFDKKNYVDLHIYFITKQCLVCDKGYKNIKMFSTRK,90,1,0
1488,NIHVS,5,1,0
1489,CMHIFIFLEY,10,1,0
1490,CLWLILTLLRCIVSENTIV,19,1,0
1491,ISSKTRKFFLIIPSNKSLMTPLYNMKYLLLVLRCWPQTILCVLKTLQNIRHL,52,1,0
1492,NILTLNYVDYNIPLIIQSAFQETPLDSQ,28,1,0
1493,INK,3,1,0
1494,L,1,1,0
1495,LSF,3,1,0
1496,L,1,1,0
1497,SKSQRP,6,1,0
1498,VVFFFILTLFWCISA,15,1,0
1499,NIQVQRCYLLLFKIRMKFLSNAILEKLHQYIMNNFF,36,1,0
1500,GYLI,4,1,0
1501,L,1,1,0
1502,YISPLPKD,8,1,0
1503,KCPVSSK,7,1,0
1504,DQWLIVCKHYNPTTYA,16,1,0
1505,ATSRRCLSPPAAPQGIGSALGGRPSGPRLSQGDSDEG,37,1,0
1506,LFSVEDTNVDAIRAAVYSKVGFVIFCVESWHGYLAYVK,38,1,0
1507,EVSVHILCPLFDGVVCFFLVNLFEFFVDSGY,31,1,0
1508,NL,2,1,0
1509,RSHMYTLSSLKTYSSAQLWDFQSSPDLPIRPGLLQPIRAQLYQTMGTEHLHKQT,54,1,0
1510,CRFLLPVVKKVLLSRLITKTN,21,1,0
1511,NIRFSVQLFAGI,12,1,0
1512,IKMTK,5,1,0
1513,DKIFRVNV,8,1,0
1514,GWTEEG,6,0,2
1515,NLWLDL,6,1,0
1516,GMTGLCRIVTWISRALFTLCRDRGEKVKK,29,2,1
1517,SLNLKHFLILHDFSQNILAKIQCLVEPHSLGHLGGFCFF,39,1,0
1518,MKVK,4,1,0
1519,WNKSIFPQNT,10,1,0
1520,NKQTSKQTKNIQCLCHIFRKQNEQFISDNLIVFVLSEQ,38,1,0
1521,KLKFIFKSSVRKLVVPGKLLPFSAKEFDIS,30,1,0
1522,NLEFFILL,8,1,0
1523,HRSKKSSSGGYLKIAGKFQSA,21,1,0
1524,VQEFETSLGNIMKLHLYKKKKFK,23,1,0
1525,TELCPHQREHSFH,13,0,2
1526,K,1,1,0
1527,SKLTYPSSYGYLCFFTISA,19,1,0
1528,IAAVKLADE,9,1,0
1529,LYLNLD,6,1,0
1530,GKS,3,1,0
1531,ELLFFLTLSFHLHGISFSTPLP,22,1,0
1532,STE,3,1,0
1533,YTLSYFSLHATHFYLDITLLL,21,1,0
1534,E,1,1,0
1535,LFLKLTSPQYPF,12,1,0
1536,YIRPICCALGIDI,13,1,0
1537,GISWESPGCLLWTQGRHWRCKEMCGPQLFNK,31,1,0
1538,LAFL,4,1,0
1539,CKVKLLTDSRCFRNPLEGKLPWAGSSGLVTEEGGA,35,0,2
1540,LTLERKSSADQTI,13,0,2
1541,INFSIRCKEGIQFQLSTYG,19,1,0
1542,IFVFLQVPKENLLEFEPLVSFASTSVFLQVPEDKHIHTHTHTNTHKMCIYIYVYTYLSSLYICLCISIYL,70,1,0
1543,NVLSLTLHTENIIACLIS,18,1,0
1544,LKHVLCLCLQSERKLHYLFNIDQWGKFYTWDDLYECISSKFTTHFFFQFFIFSF,54,1,0
1545,AAPAQGR,7,1,0
1546,DENYTIVM,8,1,0
1547,LTCF,4,1,0
1548,INKYTSICTSLLTYKV,16,1,0
1549,C,1,1,0
1550,GYKVADM,7,1,0
1551,VSGMLA,6,1,0
1552,ILI,3,1,0
1553,GIATLSSTMVELVYSPISSIRVFLFLHILSSTCCFLNF,38,1,0
1554,ILL,3,1,0
1555,SFCH,4,1,0
1556,PRVHLAGMMF,10,2,1
1557,SSTYVTHTNLTLR,13,1,0
1558,MSSSISHIFSFHRDMAL,17,1,0
1559,LFKNPLFHYLKFYKKIQVPSQPFLMLLFVHM,31,1,0
1560,DHPGQHGETLSLLKIQKKKKVGCGACACNPGYSGG,35,1,0
1561,IFRLTHLT,8,1,0
1562,IEL,3,1,0
1563,H,1,1,0
1564,YLMNICVCMYS,11,1,0
1565,H,1,1,0
1566,Y,1,1,0
1567,ANQSMKII,8,1,0
1568,ICRVQFILTNVREHAIKW,18,1,0
1569,DLSSSSNTGL,10,1,0
1570,GI,2,1,0
1571,LASCVLDE,8,1,0
1572,ACIHREDPGQGTGCQWQSLAVTFAPNTRNSFEGGSVACLICHLDEGRHQHGSARSVTGVGNYMRPGPLRSQAVRSGPATELLISLSESDG,90,0,2
1573,LISNI,5,1,0
1574,V,1,1,0
1575,DSVSKKIKNKKIKNSEARHGDSCL,24,0,2
1576,VQLFFLYKPLKITDNCQKYSTQYKITLFYFCHKKQFLLALSNKVQ,45,1,0
1577,IFN,3,1,0
1578,GKIKG,5,1,0
1579,PGTNFFCNC,9,1,0
1580,I,1,1,0
1581,ISVKSICSRV,10,1,0
1582,FQRFLRYGTVTPYTN,15,1,0
1583,LHIGKMPLLAIQSGKTSFI,19,0,2
1584,WKSGRQNLKGVLIEGHFIVLSINLT,25,1,0
1585,YLWQHLLLSTPFRVNRDEFMHWLPVRGMRTSLASVYFVQISSVASSFC,48,1,0
1586,IKRWEMLWENLKMIP,15,0,2
1587,KISLDYSCGLFPK,13,1,0
1588,YFGVAIGGGQLKPWKTKPRIKGDYCIYFLKLMKY,34,1,0
1589,NMGKNVTGQCDVFTKDFRTTQIIL,24,1,0
1590,PEKKLARHGGMHL,13,0,2
1591,SDSCWVPGWGLVTRKVKP,18,1,0
1592,GIGKYYHY,8,1,0
1593,AVSILITCGDILKSRGFCVWWIFITKSCTS,30,1,0
1594,FLFCI,5,1,0
1595,PQLLGRLRSEDHLSLGVKSLQ,21,0,2
1596,DLSSSPVTWKALCLAILQQRRIYQEVKHYENSMFTPHFKVR,41,1,0
1597,VFREIDLSNNKTLVSHTGGSV,21,0,2
1598,EIRLLLRDPLFPGKREDAPWSVSIQLFSHIKSVCPLSWFFSVK,43,1,0
1599,YFYFLKTCMWLMYI,14,1,0
1600,AINKHLLLVLAIFTFI,16,1,0
1601,LKLSPTGSLPQHVGIMGVQFKMRFGWGHRAKTYQSYIQFHLFGIPLKR,48,0,2
1602,TNSKLSPPSH,10,1,0
1603,IKNIANQKYT,10,1,0
1604,WICDFFYHHEKCLSILIHSDF,21,1,0
1605,L,1,1,0
1606,LFE,3,1,0
1607,INK,3,1,0
1608,FLVGK,5,1,0
1609,IWLRDLENCFHLFNLFTIIYGSFQGRLLTYLS,32,1,0
1610,ILCK,4,1,0
1611,RVWHHGWQKISVSLLDFSILPRTSDVHIQDLPEPASPPRGSKVQRESHC,49,0,2
1612,SPQSVKQAFTMEMMVLILCILFPGIFDCNRVDKRMD,36,1,0
1613,NVKT,4,1,0
1614,TILNIYICPFSQC,13,1,0
1615,FSQGRS,6,2,1
1616,CYDFQIVCIISNTQ,14,1,0
1617,FLNIKSVFKFPQLPHMCFPFAYVGFPMRMK,30,1,0
1618,FLNL,4,0,2
1619,KMLLHHVLFVLLTLNIRMKKEPHRKEFWKICLWILTMRLMKCLLR,45,1,0
1620,KLKNPTITVT,10,1,0
1621,SACLGLPRCWDYRREPPRPATKLKF,25,1,0
1622,NNY,3,1,0
1623,DLPSDIVPVPLQGLCSFSSSHCLASNNTSFSVGSFLLQLYCKHSLFTAYPQ,51,0,2
1624,YFI,3,1,0
1625,DLCLGQVPWLRSLIPAL,17,1,0
1626,RIGCQIMKEAMNGIKKLEKARRQIFS,26,1,0
1627,ELLMGRHQISHVCCWWDGRLWRMGTGGNLLQWKKKKACPRTPKTWRLDNNNSYLY,55,1,0
1628,SV,2,1,0
1629,LSQIYFRLQTLTSMSCSPYQTGIIPNLLTSGQP,33,1,0
1630,VQSNSDVI,8,1,0
1631,GRTKEHVAKNEALDQPSLGPRPQTMASATVS,31,1,0
1632,VWGFKLEGFPPD,12,0,2
1633,SQLLKKLKQENCLNPEAGAAVSQDRALHSRLGDRERPGLKKLKNSINNISKHKSVKIKGTEEW,63,1,0
1634,FAIIYYKIFRCLLMILSKNNDVL,23,1,0
1635,TNCFSKLKIL,10,1,0
1636,RYIGNCKSAVFDTLFSCPFTSTVVREPHP,29,1,0
1637,QQDPCLLEVEASVQSFRKLIPRWC,24,1,0
1638,YRRGFTMLARMVSIS,15,0,2
1639,VLWLAPTSFWLEFIALIHRHCFKGNFKSKLSAVNQAHLKK,40,1,0
1640,IFCRYRISLCCPDRSQIPRPKNSSHLSLPKC,31,1,0
1641,TYYLY,5,1,0
1642,RRYFLKIFFL,10,1,0
1643,GQLERSEKVFRRR,13,1,0
1644,AKQIGSHFSLI,11,1,0
1645,FRNLKASQFAHTYVIICVL,19,1,0
1646,KFCFLLSLIL,10,1,0
1647,TGYIEVRAQRRLLASPCKQR,20,1,0
1648,ILI,3,1,0
1649,VAFITLRCVSYMPVLLRVLIIKQY,24,1,0
1650,RIL,3,0,2
1651,LRVWALEPDFLSLFIH,16,1,0
1652,Q,1,0,2
1653,FSVFFHWHLTKFIHSFFPFSLGIIC,25,1,0
1654,NDLGRIPSVSIFWNSFNRICTNFSLNF,27,1,0
1655,KEFFLLRRIDRDEWSQDHCPWEMHACAPGTVRLYL,35,0,2
1656,LDFSAPSSIGC,11,1,0
1657,SYIKIFIYNVSPAIKRCKIALTPGFTLLQFEFIKIMDYVLKTTSI,45,1,0
1658,PGGVSQSFSWLGLESK,16,0,2
1659,FCQSMNKGCVFISFCCL,17,1,0
1660,DTSFLGPYKMINKFIIIIYCTNILLLFIKTEVFHILNQYNVNLLCLLCPWKNVPVI,56,1,0
1661,PGV,3,0,2
1662,LPL,3,1,0
1663,FFYRLHVETITF,12,1,0
1664,IRIFKEEPFQNYQNEDTPDSLHQKGLYPFGTPSLSNLQVPGSSAYQGFPRRDLLLGQ,57,2,1
1665,FVTLLFNSQVFNSHY,15,1,0
1666,MK,2,1,0
1667,LSYLLTVH,8,1,0
1668,TMDFSCNKVSMLFHKF,16,1,0
1669,ICTLVHLTHLLLAWILWPICPYFLPTFPPLLTLYFT,36,1,0
1670,FML,3,1,0
1671,VAYHWKHSSRS,11,0,2
1672,YSTMNKKKKKVGSRELSSVEDDFDYTLLREP,31,1,0
1673,FTLACVYLTPTTWTFSPFTAVLLQV,25,1,0
1674,QKIDKLDICRFNDYVFKKNLVFALAKNHIYTHRYVCVCVHSIYICIYIYIHTFIYINISFNLLFYSNKNIGIRDSSDISS,80,1,0
1675,VSKYNMVQNRKFKKIM,16,1,0
1676,EGKMVLSARPRVPVLL,16,1,0
1677,CNAKKDKACAQAKAFLVGQKV,21,1,0
1678,T,1,2,1
1679,RHFKLF,6,1,0
1680,HSFRIE,6,1,0
1681,QQIA,4,1,0
1682,IQMLFSLLILH,11,1,0
1683,ERGSTVHMLFFPRISCSCFPLACSPLAPHGPSEVSWLPLHCRLADFFTHTPKKRIYFPPFPSSNHLGLECHCRFTAVGAGDSLGQSALAEGQGWHTAGRATPSKIQPLCLSRAVVWGSGGAPHRIRSSQGRQMTLPLLAASGSIHLFNKGLLHPYSMPTTVLDLE,165,0,2
1684,IIDIISEVPQYLTFCSKPYQSTHLVYFSLSFLATMTILFR,40,1,0
1685,K,1,1,0
1686,NFGSVKGLNYLCRGINIKETLRGPEK,26,1,0
1687,PVACLRI,7,1,0
1688,NVF,3,1,0
1689,GLGPFLAASSCRNYTHLSSSGRSSQKDQCGQTPAECHRHQRGPICHLRAAGSRCYTPEIKGQVSQGWP,68,0,2
1690,NSTVNRNWLFRSHYI,15,1,0
1691,CQMNPWNSKHC,11,1,0
1692,QCVLSF,6,1,0
1693,KTSK,4,1,0
1694,LQLLLKSTTMVLWLG,15,1,0
1695,PMQIPNRKRQHLKYKSLRNISDSVLWNLLKFSLE,34,1,0
1696,SAAINKASTSHLF,13,0,2
1697,K,1,1,0
1698,ANIFVNSRSRES,12,1,0
1699,CI,2,1,0
1700,NRVLLKYHSLLFLDFFCLYQINRTQHTFNLLWFLSGAFIKHIKTIVSGFYC,51,1,0
1701,QRWFS,5,1,0
1702,TVS,3,1,0
1703,PACPTW,6,1,0
1704,YLTEVRQNIIRK,12,1,0
1705,PISLIKSNFLGRVNQ,15,0,2
1706,SHFIFLK,7,1,0
1707,HSWVLPFSFSLFTTPNL,17,1,0
1708,SQLLGRLRQENSLNPGGGGCSELRSRHCTPAWVTEQDSDWGEKKLFSLATFAGINFTFKKFWAGRGGSCL,70,0,2
1709,APLCLYPKMIFKVSSD,16,1,0
1710,MFTAEKIYIKLEFGKKKKKREDW,23,1,0
1711,ILAGHGGKCL,10,0,2
1712,GLYKHYLAKVKRGNILVLAQILKQISL,27,1,0
1713,LCT,3,2,1
1714,RLTINYRLLVNNYDLKEQLIGLIHGNLMRTLIYLVFLSYIPISLGLHYKNIKYVA,55,1,0
1715,IFSA,4,1,0
1716,LNFSFKQGVPSYQLSPLAPEFFL,23,1,0
1717,FHGGNLLFYYKYSKCMRYQTYSFKKQNTKNKYSTNKHR,38,1,0
1718,KFFKNQPNMARHGGSCL,17,0,2
1719,LSTINMCRSLSINIMDCA,18,1,0
1720,LYTFKLYSMMF,11,1,0
1721,K,1,1,0
1722,LQLTHVNLFH,10,1,0
1723,CR,2,0,2
1724,LSRL,4,1,0
1725,GEITPLHSSLGDRARLCLKKKKKKLLKICKAQSRYSTRIVGTLFHLSYKLWLCATWVKLRIQICECKIYGEIICISK,77,1,0
1726,FSFLSWLTLTATYITSHVIFHSNVFNWLFIHKKLEFVV,38,1,0
1727,YISFTLSSTAKPLKTEINCFYFIFSLFLSL,30,1,0
1728,RA,2,1,0
1729,VSLELKNPKCNRIDITLKLFLNMILVPMFFV,31,1,0
1730,SLAAGRIPSSSREVTLLPGGVEPLTKLA,28,0,2
1731,VS,2,1,0
1732,RILI,4,1,0
1733,GDSYI,5,0,2
1734,QFCKI,5,1,0
1735,SLLGNIGEHGFYCMVTTY,18,1,0
1736,GLFRL,5,1,0
1737,HLA,3,0,2
1738,AAASIPLITPVIKDGTISNEI,21,1,0
1739,SYPC,4,0,2
1740,PSMVV,5,1,0
1741,KKQGLRK,7,1,0
1742,KVMILRFCLDSLLLSSCFVSF,21,1,0
1743,EYRPRTYAISLSILCVIKSSLDVYCVQGILRSDKS,35,1,0
1744,STFSQSDFKSSFSSVFESKLLGLGSLTS,28,1,0
1745,VTVILPPFNLLLLFICTSG,19,1,0
1746,RS,2,1,0
1747,EAPEESS,7,1,0
1748,KSIFICPSWKKLMIINEFLNRVYKPTVETQLS,32,1,0
1749,V,1,1,0
1750,SGWEKVRDIVGQNKQRTFWHKGISEAKACMSEHANGYV,38,1,0
1751,WFRWNLEMELTTGDASSFDSHYYFLYKLINKNLDAKLALDENLYSLDILIL,51,1,0
1752,EFL,3,1,0
1753,LEW,3,1,0
1754,ATRG,4,1,0
1755,DCAFPISSHVIPMPLLCQPHFE,22,0,2
1756,NYLYYS,6,1,0
1757,MILFFITSIH,10,1,0
1758,LKYC,4,1,0
1759,ICNLFDLIKFSSCFHNELLKIKSKALNRKILNLNFLG,37,1,0
1760,LSLEYHYRKASVFRWQYGVSFLGILIEGEVLIF,33,1,0
1761,MLNSTNLYSLEEFQGCLYAINLL,23,1,0
1762,IDYLLNK,7,1,0
1763,WQVPVIPATQAVEKGESLELRRHRLQ,26,1,0
1764,TVTIFPY,7,1,0
1765,NFFSSLHISFSY,12,1,0
1766,LGLVARACNLSYLGG,15,1,0
1767,VTLFNNAAKQWFYPKYLQV,19,1,0
1768,EFWVKWIEGLFDCS,14,1,0
1769,DPVSKQNKQTKKTQR,15,0,2
1770,AF,2,1,0
1771,TEHCICHLRKNQQE,14,0,2
1772,AKGGTHRLDNFPTATQLVSGRAKRPNITAPQSVLSAPWPHSVRVRTHSYLRKLPEV,56,1,0
1773,LSAGGSGSRL,10,0,2
1774,NKKINA,6,1,0
1775,WMP,3,1,0
1776,TQ,2,1,0
1777,ESQDEQSGGG,10,1,0
1778,FFITIINF,8,1,0
1779,KG,2,1,0
1780,LASQLPRVGV,10,1,0
1781,FSLLLPSPLFLPWGHANTGG,20,1,0
1782,KFSLLDF,7,1,0
1783,RLERL,5,1,0
1784,SFHFK,5,1,0
1785,YYTQKDRR,8,1,0
1786,YK,2,1,0
1787,FLILFHCGLREYLI,14,1,0
1788,ESKLNLSNKTVPKTCHCHISLSLVLSENHLLSTCSLRGQLAS,42,1,0
1789,ILKF,4,1,0
1790,NKPVTEQNSKHQSPLPNVIFYNRSAGS,27,1,0
1791,IIPQYS,6,1,0
1792,W,1,1,0
1793,NLSFQHEHKIFNLKEMSSKSETSEKG,26,1,0
1794,LIF,3,1,0
1795,ADIVPLHSIQPG,12,1,0
1796,IKYFS,5,1,0
1797,AFHPGGKAISTMHAAPCRGVHMEKLGARAGDRQYLSPE,38,0,2
1798,KFSYLSIFFFPQWDALVKDSSA,22,1,0
1799,GN,2,1,0
1800,VGH,3,1,0
1801,K,1,1,0
1802,QEVSIHSPT,9,1,0
1803,IVYCIYLCIVMV,12,1,0
1804,TSCFCKLPYLSYVFISSIRKD,21,1,0
1805,AAFPP,5,1,0
1806,VVNANPHTALGLVQNFSLNVEHTPPLTRKHQ,31,2,1
1807,YLVFDSAF,8,1,0
1808,FHFGTRVCA,9,1,0
1809,ICATMMIYQN,10,1,0
1810,RGTMENLYY,9,1,0
1811,VNKNTWRNKNPNHVQEYPQGNKYIFKL,27,1,0
1812,NPAPLPPNSIAS,12,1,0
1813,LWNWVTGQGCNTLEGSEEDRKMWKSLNLVEIC,32,1,0
1814,QRMNVG,6,1,0
1815,AQGTRQK,7,1,0
1816,WESH,4,1,0
1817,FPLHCFVNRGTGSSFLSHKITAMQNLLIYSSETRKKPPKETNSLLLSHWGNRMRDLSIPDFNFDLRRAPLKENKLIQ,77,1,0
1818,DFITRKCSFQAKFSIHVLEKEKNDNLKHIIDYF,33,1,0
1819,IKPILYCNSPVLINQLCLGNEQGEPNGQL,29,0,2
1820,IIPF,4,1,0
1821,LYYLIIDLYLIRDFSIGYAELSHLHQLCLLRWVTGDHKYCIAHKSLIAAVYQTIT,55,1,0
1822,VSFQEVI,7,1,0
1823,WQFIFHGSPPTKVY,14,1,0
1824,TLIKMTLVNRNKQTLFA,17,1,0
1825,FTIPSFLQPASLERGNWISFL,21,0,2
1826,LRRCFK,6,1,0
1827,QCKSLSQKKKKKKKAIQREKRRHF,24,0,2
1828,LGWTSAAQSSQETLWGWLSFCTLTAGRTHHQLEVQQVDQSTTAFMCIAKAPVKECSRENSGYSAAPAGRQRSP,73,2,1
1829,VYVINYRLLIN,11,1,0
1830,LKSSITSGFWEKSSTTGTSSMVQRSVSCRWGACYAPALAVERGCCRSLTRGKSPAKGAMAWAVGLPSAGNVKKRTMKGSAVPYLKPQEQLLRPTESMKEPPSRLVGKQPPKKPSRKPPSPVPAAMYQWKKMEAACT,136,2,1
1831,RWCFVGQAGHELPDSSDPPASVSQNAGITGCELPHPANQVDF,42,0,2
1832,SSPLRPPSSWYYRCMPPSPANF,22,1,0
1833,EEF,3,1,0
1834,FTTLSC,6,1,0
1835,SQHFGRLRQVDHLRLGVQDRPGQHDETLFLLKIQKIIIIIISQVWLWAPVIPATRETEAGE,61,1,0
1836,RLEIGKIIPDLISYSKKFAYYI,22,1,0
1837,FLFLLLLIWCITFIDLHMLKQPCIPGMKPT,30,1,0
1838,CGPVFKIPMKL,11,1,0
1839,SNNQVKGIEKDE,12,1,0
1840,LPMGAENKLDGEKLCIN,17,1,0
1841,ALYQMLTKILGDLDGGRSK,19,1,0
1842,FIMYYNVSNITNYVATPLTFRLHIASERTDGSNRLQPQALSDK,43,1,0
1843,YRGWARWLMPVIPALWEAEVGGSPEGRSLRPA,32,1,0
1844,TYSSPEESEVRQDGWLAPPTIGRHFVGQQAHREVLCGNKNEDALSG,46,0,2
1845,YLKIVYNIQQKVVKFPSPLNRSYVTHTIHQMSFPHFMFLFALSKITWLLAFGFISRFSILFYWSVCLFLYQCHAVLVTMAL,81,1,0
1846,DLFTTTRILWGKPPP,15,0,2
1847,DSLQLLNCIALH,12,1,0
1848,NQIREVHYRS,10,1,0
1849,ETSQHHKSSVI,11,1,0
1850,GL,2,1,0
1851,HLYCQCLIFASPNFFLDNILIFSPKSSFHPLQISARYHSAL,41,1,0
1852,IYTHTMYS,8,0,2
1853,DLFIWSVLENIPCVDEKDVVVG,22,1,0
1854,IYVIYV,6,1,0
1855,FFDNHFSFCVSNADIRY,17,1,0
1856,NNQKCCHN,8,1,0
1857,YSA,3,1,0
1858,RFYIFSPSSF,10,1,0
1859,ECNYRFS,7,1,0
1860,FADISPILWVVCLL,14,1,0
1861,SASLGLPKCWDYRHEPPRPAWTFIFLKGSKL,31,0,2
1862,LSNMNSK,7,1,0
1863,Q,1,2,1
1864,NRVLSTTKEKKNHLNLH,17,1,0
1865,LFLLQVLMQGNKKLLHST,18,1,0
1866,ERYSHSLNICSALTRCICALRSKDGLMKNPGPFSSSGHADWPKKKKVTGKWIRKLSHSVYLLSLGLFAFVCIFILTQHSVILTHPPK,87,1,0
1867,WFWSQNAYISIFHNAKIFHYFKF,23,1,0
1868,QKIQGCLRNGM,11,0,2
1869,PAKNLTWTIGLVKTFYGICRNTVLKIL,27,1,0
1870,TAVGSPQFGLPGHFVYLLKPQQWRAPFPQPRCHLTVQSQTAVLAMSKAPWAWDPLSQAQDIISWCAAC,68,1,0
1871,G,1,1,0
1872,KYKKISRAWWRAPVVPAAGEAEAGEWPEPGSRSLQ,35,1,0
1873,LILLKTKEAFLTEEIDPPKLTIHTHLLRTLHPPMPENVISYQLISH,46,0,2
1874,NVNIAIILKKE,11,1,0
1875,RHDEKIKRLE,10,1,0
1876,LCIKL,5,1,0
1877,RKRHLP,6,1,0
1878,SYRNNVGIIITST,13,1,0
1879,KFHGLL,6,1,0
1880,CLCFLICKYANDKNSAS,17,1,0
1881,SSLNIDQD,8,1,0
1882,QSFHVERSLHLGSR,14,1,0
1883,LFLYTGEQRHAGQMDSHVLKHGAKTTY,27,1,0
1884,AKSLHTLRVDNPCCRNVSPEALWSLECQ,28,1,0
1885,MNKKTGTCTQWNIIQ,15,1,0
1886,MK,2,1,0
1887,GK,2,1,0
1888,GLESRQACGKFWSQW,15,1,0
1889,QEQNILVMQMPHFLQSTNHTNIFAWKNHWD,30,1,0
1890,YILNYLLSTMK,11,1,0
1891,NVILP,5,1,0
1892,TLSANACQLSSCHFEIFKILLALKVELGEIKMLQY,35,1,0
1893,ITDRWRLHYLKRVNLDEWCSI,21,1,0
1894,DSKNQRL,7,1,0
1895,FSKQP,5,1,0
1896,LGGFYEIN,8,1,0
1897,GNRNLQRKWVVQDCTVIWNRLDTSSTFPATISLPQALPQNLPSFGSLYIQLWTTRFN,57,1,0
1898,NYF,3,1,0
1899,RFG,3,1,0
1900,NLSNGGECIENARQLHLK,18,1,0
1901,TLECYGPSD,9,1,0
1902,GILLPIGLGSVP,12,1,0
1903,T,1,1,0
1904,GNHILRS,7,1,0
1905,PSLERTAGYTWAALLPHFRSQFRHPQPHHVSPQYSHTPLPLSSHDTCWGPDSLGL,55,0,2
1906,LREPGWGTAISTLVPLQKDFHVP,23,1,0
1907,FNIHNKFYF,9,1,0
1908,HLLS,4,1,0
1909,R,1,1,0
1910,GPIYEAFYIMKYNSVQHFNSAITYWASTQLPSGLYNLIDKGRLIN,45,1,0
1911,IEVCIVLLRRCGGN,14,1,0
1912,KDMANNFTAFFSIHNVIIL,19,1,0
1913,QKRTIIIIYCNKSYVGMVSLSLSLSLCL,28,1,0
1914,KMLIENYRFQHLKHSRSLHC,20,1,0
1915,MVPKRYLKNK,10,1,0
1916,VGAGCGGSCL,10,1,0
1917,SNL,3,1,0
1918,SQHFGKSRPSDHLRPGVRDQPGQHGEILSLLKIQKKKKKERKERKNRRNERKERKKEEKKEREREKERRKERNRKRERKKEKERKKERKKRKMRLLMLVITTTRETEA,108,1,0
1919,LLLTICSQIERYFSFLDHIYSHIAQFHYISRHENCKNHTFYIIIFIEKFLMKQCALG,57,1,0
1920,GNQWNAKGRLLFFAIHVQWDDA,22,1,0
1921,CKMFIMGTY,9,1,0
1922,FLI,3,1,0
1923,R,1,1,0
1924,SKEIVSIWKSVHRMILILDVGLL,23,1,0
1925,QFGCSLFLSLV,11,1,0
1926,LYAVYLS,7,1,0
1927,CLSILEVIDNSSVNYKTLQHCLSLMNNMKFSSENVTMYNPK,41,1,0
1928,EKNVYLLQLTNICVFYSSWRE,21,1,0
1929,VHQ,3,1,0
1930,MHQVLWSFYFYLRSKP,16,1,0
1931,NSKQI,5,1,0
1932,NPVSTNNAKISRVW,14,1,0
1933,RR,2,1,0
1934,NKTVVTGRMW,10,1,0
1935,GDRSDRQKYKSIHGRHIHWFSLERWNILKQWMLIGSTWSQRFSDWQLVERVKLCLKN,57,0,2
1936,INK,3,0,2
1937,WIVLPK,6,1,0
1938,ISEKLK,6,1,0
1939,QITIH,5,1,0
1940,KLIVF,5,1,0
1941,SFH,3,1,0
1942,QNFIKLYNYI,10,1,0
1943,IPKIHTFAQDHSNLCHNLCWNLFTVLLLLNFLQMTFFLFGFPGI,44,1,0
1944,FFS,3,1,0
1945,LKFWLF,6,1,0
1946,SAVV,4,0,2
1947,SKYNIFQKN,9,1,0
1948,S,1,1,0
1949,SINGF,5,1,0
1950,L,1,1,0
1951,DSISKKKKKTYWESSMCGSQRPSPLSASYPCTLRQYLCVNTPSPRLAAMMLLQLLEGVDHLVQQGIAHRDLKSDNILVELDPGRNLLHHQSSPGALEGGSGAFRTDSSGPLWFCVLSHVFI,121,0,2
1952,LYLGSVMSDCPVQFEIHFDF,20,1,0
1953,AQIVYLCSFRLFDVDI,16,1,0
1954,IGSCYIILR,9,1,0
1955,RQQGEVHWLRDVGFLTSQIIEYCDPSEATEFEKNHSE,37,0,2
1956,NTYLMLPLFRLPDNCSVQLFHLIFCLPIS,29,1,0
1957,K,1,1,0
1958,PLGQNELNEQGDYHLSEKEGERKER,25,1,0
1959,CLYK,4,1,0
1960,AKIMPLHSSLGDPGVRPCLSFVDPPRRGGSAAFLVIYWRAGL,42,0,2
1961,DFVLQNNINSCV,12,1,0
1962,AGMSQTEQYYRNRGWKDAVSSFQREASKG,29,0,2
1963,NNLRLGKL,8,1,0
1964,KSCLNVIVSRMGKRLLGCRLDNYS,24,1,0
1965,VKCFLKDHQSI,11,1,0
1966,EN,2,1,0
1967,LSLLLTYIVIFVSK,14,1,0
1968,SFTKLGLLSTHLKILLFILIFKAEI,25,1,0
1969,FIN,3,1,0
1970,YI,2,1,0
1971,FGYVLFLTALLKGMSRMGTAVHTCNPALCEPKWPGYLRPGVGDQSGQHGETPSLLKIQKLAGHGGTRLWFQLLGRLRHESHLNPGGRGCSELRWHPCTPILVTEQDCLTQTHERHIDNNSTYRN,124,1,0
1972,LKSRSSAWAHVDCSHTAWGPCSAGRGRCPALSPAPSRLCPIRFPPPLLCSKGGSSLMC,58,0,2
1973,SWLTAASTSLGSSDPPTSASQVAGSAGTCHHAQLIFVVFVETEFLHVARAGLELLGSSNCLPQPPKLLGLQE,72,0,2
1974,GDASIPTSK,9,1,0
1975,HNSYP,5,1,0
1976,ISCRSTI,7,1,0
1977,ILFVNFGFRCHCFWCFRHEVLDHAYVLNGVA,31,1,0
1978,LEN,3,1,0
1979,GISITYS,7,1,0
1980,HSIELFLVRDTLFSRHFIGREVSMI,25,1,0
1981,RFCLLGRSSN,10,1,0
1982,FAE,3,1,0
1983,MHENHLKTLFLKFRFLSVHSQRFRFSS,27,1,0
1984,FMSYVLRVHNGSKNAPHHICVSNSRMERKRRKGGIKEGSRSCHLTLLLTFNWPKFNLISHKL,62,1,0
1985,DRATALQPGRQSETLSQKKKKKKKKKKTCLQISLYLQT,38,1,0
1986,E,1,1,0
1987,NNSCNQL,7,0,2
1988,RLVV,4,1,0
1989,KGHWQGQNDL,10,1,0
1990,GTQKKQIVIH,10,1,0
1991,KDNDFSHDYT,10,1,0
1992,IPDN,4,1,0
1993,S,1,1,0
1994,QIKSPQTCCN,10,1,0
1995,VVSGHVHKRQISGKKTSRSQLFGSIYFENYVI,32,1,0
1996,DQRIGTELK,9,1,0
1997,TSSLLLAPFFSSHLRQFFINQHPLCSVL,28,1,0
1998,TRHVLIYTFILYSKGVVTDMLISCAASQ,28,1,0
1999,QGLC,4,1,0
2000,RTE,3,0,2
2001,K,1,1,0
2002,LGF,3,1,0
2003,LKHIKSVLSLITC,13,1,0
2004,DTVKCRMTSNLVVL,14,1,0
2005,LYGTTINTAGTALLVRLAKENKDLKQHTTSLLYNDIFFLKMILHQFLIYPPIIF,54,1,0
2006,IFHSSSAYKYLLKPIKTQLVVCTYNFVAFASYLCH,35,1,0
2007,LRA,3,2,1
2008,QF,2,1,0
2009,DSKLDIHAAIHVCTHQDACPFYLVDFLFFY,30,1,0
2010,RYMISQLWWSLHGFINASKLKKCTFKMSAYDCK,33,1,0
2011,HKSNKNVSGHVERS,14,1,0
2012,ATI,3,1,0
2013,FNCKKLFTFSVKLSCILNIFPSVEKQTSSSLFFAWILASL,40,1,0
2014,DYRREPPCPT,10,1,0
2015,YHQ,3,1,0
2016,GDMLCDLGDFTFKFPFHLHSSLFFHACVDCKFFLRLRHFIHLCNIHSI,48,1,0
2017,KQARRGGSGL,10,1,0
2018,AYSSLPLSTGIHSETPTRTPEIADSSKPYIYCFFQCLCTYEKV,43,1,0
2019,SDTSHNRATERTRNQDLYNISQ,22,1,0
2020,LGLQACATMPS,11,1,0
2021,KETTKSNKKQNTHSCNDMNEPHKYYTE,27,1,0
2022,GGKEVSKHNNFHFWVFYNHMLSIRTVLFSYPKVTIKMILDEYLENCEKEVLFAGKLFWVVSTSCNPK,67,1,0
2023,TAHKVKERLRFLTM,14,1,0
2024,MALPKILIVMWTIKCRLRWSQMKMRNLLGTEAKVTLVIFYQRDWWHFAPPSRSVELGT,58,1,0
2025,AIHTKSP,7,1,0
2026,QK,2,1,0
2027,IVCLPNKNFQYFGVFYARHSTKHNGKL,27,1,0
2028,CPI,3,1,0
2029,E,1,0,2
2030,FYSELSCATFLQLVEKNISLNEYF,24,1,0
2031,FSCSFIFSKYS,11,1,0
2032,LTSF,4,0,2
2033,TICQLVYEVIFIRNFIKTFNNIWIFKLQFKYPLLPGDSGITKQLPVKIPK,50,1,0
2034,RCY,3,1,0
2035,IKKENQREKKKRCMCTLILPSIVIRFGFVSPPKSHLEL,38,1,0
2036,ISYLICKHLINL,12,1,0
2037,CHKAFMDVSSELTFIYL,17,1,0
2038,AVGEHKMPERRLGISRQGASDRS,23,1,0
2039,RRKKC,5,1,0
2040,WLH,3,1,0
2041,LIE,3,1,0
2042,CLNSICLCFSSEASKIQTI,19,1,0
2043,GQ,2,1,0
2044,VIYQY,5,1,0
2045,IFLFEFK,7,1,0
2046,NVYVLYSTKSSFKTKQTTTKYFSNLEFKVKETNYVVWKCHTFHLFFKKIFNSGQKLYGFSVSLGISQVSVFHSPPYLDSNNLK,83,1,0
2047,SFYIFVIFWSVREQKS,16,1,0
2048,VYETVNIQV,9,1,0
2049,KGKY,4,1,0
2050,RL,2,1,0
2051,FNHPLAWMAVFYQC,14,1,0
2052,WFPASSMSLQRTRTHHLLWLHSIPWCICATFS,32,1,0
2053,PSKSYVKTAA,10,1,0
2054,LEWILCSNNFGKHLN,15,1,0
2055,ERPGVKKKWPSINQPLMGKNHKPLSDEIQMQSLFNIIGIFVLVFGMCC,48,1,0
2056,HPSNRSKNILTIP,13,1,0
2057,TVDF,4,1,0
2058,NTR,3,1,0
2059,AKIVLLHSSLATE,13,0,2
2060,DFHTEY,6,0,2
2061,LP,2,1,0
2062,YL,2,1,0
2063,ERQNTELNCRLECS,14,1,0
2064,SVKVVINNN,9,1,0
2065,TSAPWT,6,1,0
2066,TYIYK,5,1,0
2067,RGYEYNFLQA,10,1,0
2068,YSRVQK,6,1,0
2069,VTERK,5,1,0
2070,SLMPPFVA,8,0,2
2071,II,2,1,0
2072,QHLFFQKYLFIYLL,14,1,0
2073,MNIEKEL,7,1,0
2074,NGNIHLIIISFNFRLYWISSSIS,23,1,0
2075,KN,2,1,0
2076,KVKIVYSQISLCALVYSTESIQVTGQKKLAVVAAL,35,1,0
2077,CFPYNL,6,1,0
2078,MATCLGKL,8,0,2
2079,LDNINEKSTNLNPGCLISGNYFSYQLNASYYRNI,34,1,0
2080,RYHLIKIDLHSQSVGMDYV,19,1,0
2081,FLHF,4,1,0
2082,LWLQTRQSRCWKGSL,15,1,0
2083,TLFSKCGFISV,11,1,0
2084,TIATHL,6,1,0
2085,LY,2,1,0
2086,LFQLFFYTSFPY,12,1,0
2087,GCANLAYFMT,10,1,0
2088,GSLCKDIPYFSIINKLWGNILYVVWLEF,28,1,0
2089,TFSAN,5,1,0
2090,ILGLFFLVL,9,1,0
2091,PVFPAPFVK,9,1,0
2092,HGFCCIPEVVIGFVIIIVEFKYF,23,1,0
2093,TCRFI,5,1,0
2094,HLYFRATVLSSDLETAKLKTERLF,24,1,0
2095,PAHLTTSPALSLTLLISTLHSTTLAS,26,0,2
2096,WQILCFVSSKEIF,13,1,0
2097,LPKLFFNVFAATTVSLII,18,1,0
2098,AMMKIKT,7,1,0
2099,TDSHLSFSPQAKHHKLESM,19,1,0
2100,ISQRTSFSFSINIKERSYNGNVDQKKKKPNSVNYLKRFILSQYE,44,0,2
2101,C,1,1,0
2102,PGMVAHPRSLS,11,1,0
2103,ICMLLHYKWL,10,1,0
2104,QVAKHMNEVQWKAFLRNPVKTKHTHTHTDIREAGRDVHYSTDKHPGRPSRSRWVSVASGMWHGPKLSEYRYLSLRRRFKIAS,82,1,0
2105,VVFHSIHTHPPMLYIYM,17,1,0
2106,PIFFLFKCFQQILNACAFSLILWKHW,26,1,0
2107,PCSFGVDVLSVC,12,1,0
2108,NVKTKRGKNYSVPQLNLAIYLFTVCSSIVFEK,32,1,0
2109,PTHLCTSFKVQPNNI,15,1,0
2110,SLIYKLGTVKN,11,0,2
2111,RCRTATCSQ,9,1,0
2112,SYCLHSLLQSPSFCI,15,1,0
2113,NKHTHAFTHLKDNY,14,1,0
2114,PSHCLHYFVLIQ,12,1,0
2115,NRN,3,1,0
2116,SSSLGTCIKYFLAVKSTLCRLRNI,24,1,0
2117,TVYFRKVRKWRLGYILNLPKAAYFKNLKVLVLN,33,1,0
2118,CLCLTRSA,8,1,0
2119,TKSKSLMALHS,11,1,0
2120,FKNQSVKIKQTPLKLVLLEVNCAPLMGSVAIQQRSS,36,1,0
2121,YLITIAIQWWLLL,13,1,0
2122,HKFFLISIVTSKFEGYF,17,1,0
2123,LDTQGFLGFFNA,12,0,2
2124,W,1,1,0
2125,SA,2,1,0
2126,KIWMVSMKVFNLFIMNFEIIYFIF,24,1,0
2127,PTNLDSYIWVG,11,1,0
2128,HKFTTYHT,8,1,0
2129,CSYLNFQKASIPKEPQAIVKNICLSLRIPSI,31,2,1
2130,EAIFFLVVLFLF,12,1,0
2131,IQPMYTKIKSNSKLKIDN,18,1,0
2132,SAHLSLPKC,9,1,0
2133,KQSHWIFEKSQAFYCESTHMETGVEFNPVSLC,32,0,2
2134,Q,1,1,0
2135,LTPVILALWEAEVGESPEVRSSRPA,25,1,0
2136,NNQ,3,1,0
2137,QCF,3,1,0
2138,RNF,3,1,0
2139,VTFFFFFFLRQSLTLSLACP,20,1,0
2140,HNQCLQKQLASRID,14,1,0
2141,KRQNFKYE,8,1,0
2142,IYTG,4,1,0
2143,IHIERFLFFFF,11,1,0
2144,GHCSSERPAR,10,0,2
2145,Q,1,1,0
2146,KVEITLS,7,1,0
2147,YIIWSKRAWLILSNTSGV,18,1,0
2148,LLK,3,1,0
2149,FNEIK,5,1,0
2150,WYINCPHLETQLLWPFFVSDKISLGSRWMNSEF,33,1,0
2151,GTRVT,5,1,0
2152,RSVGCKYLALFLDFLFCSIDLHVYFYSSTMLFS,33,1,0
2153,NPVSTKSTKISRA,13,1,0
2154,QYSLLSMPCLAINLPHFLLSFLDSLE,26,1,0
2155,RQTHGE,6,1,0
2156,ISLLN,5,1,0
2157,YCM,3,1,0
2158,V,1,1,0
2159,SLLFSPSSLPNSCLTADRVVPAFRFMTWLCVPAQAFSLISPLASLLPPYFPLWLVGAPLEPSAYLFKNIMTYYAYKLCLIIYF,83,1,0
2160,DTTHA,5,1,0
2161,IL,2,1,0
2162,T,1,1,0
2163,NRV,3,1,0
2164,FA,2,2,1
2165,KTLLTLMFDLVETILA,16,1,0
2166,SRNSCLPALKEVKMC,15,1,0
2167,RKELTDILLLNLFLCKF,17,1,0
2168,TNGVALGKLLSWDLSTLIHKLCLLGEICLGVFKTPETVDTYSSLTALRRASIQQLGQCEL,60,0,2
2169,LLILF,5,1,0
2170,GVE,3,1,0
2171,RASVGDRVEEELGWDQRREDPH,22,0,2
2172,PSSFT,5,1,0
2173,IYSKRW,6,1,0
2174,TLAPVPERKGKKIDLKSNGFVTSILTFCKFRKLLFYQFCSANSLI,45,1,0
2175,IPVE,4,0,2
2176,NIQRDDTDY,9,1,0
2177,VS,2,1,0
2178,QQVHWYTLY,9,1,0
2179,EFSLQSSAHRHLKSEWPSWSSR,22,0,2
2180,EPDSPTYLSYQTRYMIIKWCIRIRT,25,1,0
2181,LELSPAIFFSFS,12,1,0
2182,A,1,1,0
2183,NEMQIFTVF,9,1,0
2184,LH,2,1,0
2185,NF,2,1,0
2186,STRVSLPKCWNYRCEPLLPAQNILSR,26,1,0
2187,LIISSSGVV,9,1,0
2188,WCTEQH,6,1,0
2189,KVEREQEKNQARKNHNVVVISLQREAEGRRIG,32,1,0
2190,LVQLELVEKSGSLGNGFLGFID,22,1,0
2191,DLGGARGRMIWFVAVSPPKFYLVSPIIPTCCGRDLMGDNSIMGVGLSCAVSHDIE,55,1,0
2192,SH,2,1,0
2193,SEWTYG,6,1,0
2194,L,1,1,0
2195,ERRWPGPRLSSRTWLGCVFLVY,22,0,2
2196,SMSQ,4,1,0
2197,TENCSI,6,1,0
2198,FGVVHILFNLYIIWIFFSL,19,1,0
2199,LCGLPSHVEL,10,1,0
2200,SS,2,1,0
2201,PGMVAHTCNPNYWGG,15,1,0
2202,YIKNKVKCLGRPKEEFPPPSAFYAKVTAMKCTVRFLCKECSSVPLQEDERERKVAR,56,1,0
2203,KYHQKIYSLILSIHFATWRFC,21,2,1
2204,LL,2,1,0
2205,VAGILYARGSLCKKISYSSTI,21,1,0
2206,LNSRVKWK,8,1,0
2207,NVPITDF,7,1,0
2208,EIEDRTRLIAVT,12,1,0
2209,PSTIVSLPSTQKTGRLASRTKC,22,1,0
2210,SFDISEAS,8,1,0
2211,YILLFLIVTSMPDHPKCLGSHFKISYIFGLNSLLKGNKD,39,1,0
2212,YLFLLVWKLLEPCGITFT,18,1,0
2213,NVRFDIVNIISKYPFTHFL,19,1,0
2214,IALIEIPTMCKSTCHKVRNYES,22,2,1
2215,RLSSTELF,8,0,2
2216,TTYTFHFQFTNRINTSFH,18,1,0
2217,FPMPFKCINMDSSSVHFSLD,20,1,0
2218,SVYLRIERFKI,11,1,0
2219,VAIG,4,1,0
2220,LKLKSRKMHYTLLLW,15,1,0
2221,L,1,0,2
2222,ER,2,1,0
2223,EQ,2,1,0
2224,LHHFVWSYTGKTWHGVEGMGLNSGNRELVFSLSLYWMMSSPLSKHEFSYL,50,1,0
2225,CDRKDTKSVANLS,13,1,0
2226,AWMVEVAVSCDCITALQPGQKSKILSQKKKKKKLVNPQCLKSP,43,1,0
2227,PAWATQLDQKKNIYEN,16,1,0
2228,TYEIYLYLAF,10,1,0
2229,IL,2,1,0
2230,QCDKRT,6,1,0
2231,ITMFFSCFSLK,11,1,0
2232,EIFLNKASFLKGKNLVQFFAGNLLCDF,27,1,0
2233,LRFVFTSTTI,10,1,0
2234,ERLIQTSQITYLIISVEAAGGWSLSWQLREQYGNPPRTGRCSITAGCSCTHPLTQAGTMQTHTLT,65,1,0
2235,QNVHK,5,1,0
2236,SSCLSLPKHWDSKQEPLCWGPWKQIC,26,1,0
2237,LPSFLMPL,8,1,0
2238,SI,2,1,0
2239,HIGPGSWG,8,0,2
2240,RAEYILKLLNVFSKGNKHPYVP,22,1,0
2241,PILLYLCVLSRISPSTKKKLRKCNLLRSEYAPTP,34,1,0
2242,ELIIEN,6,1,0
2243,HIVDAQ,6,1,0
2244,NSFNFMWEINRGKVHYRAPGLISFFKVFLLANIITIFSLK,40,1,0
2245,SAYKGNTFRNDFKMIFNLNKSEHY,24,2,1
2246,HFRKNEGFHVNCKSWNFSSLE,21,1,0
2247,IPASQITDTHPFYVKMTLFFPDILHSS,27,1,0
2248,IPDTLGKLQKHQWSFQM,17,1,0
2249,NPVSTKHTKISLVWWRAPIIPATREAEVGELLEPGRWRLQ,40,0,2
2250,VDVYRK,6,1,0
2251,RLRST,5,1,0
2252,DRVSICHFTPG,11,1,0
2253,EHIHIAKSVGIFHG,14,1,0
2254,FISGT,5,1,0
2255,MIR,3,1,0
2256,FIHQMTHILKE,11,1,0
2257,SKPNEDITRKETI,13,1,0
2258,FMVECI,6,1,0
2259,FHSGKFHTSQ,10,1,0
2260,IEPHSPLPGDFAACTYWRHFRVRTAGPSDQLSGLADLLGQH,41,0,2
2261,NI,2,1,0
2262,NFLLIHLLTYVD,12,1,0
2263,PTYLYFRGKKCL,12,1,0
2264,KYKKLAQTWWRDPVVPATREAEAGEWHEPRRQSLH,35,1,0
2265,FLSIRLVKGQMSYLEL,16,1,0
2266,KLEMWYNSLVLNNIHFYLL,19,1,0
2267,IMGV,4,1,0
2268,LLSFDQTY,8,1,0
2269,SIIVHTVSLFFKNLWL,16,1,0
2270,CNTLGWQQRAPL,12,1,0
2271,KKDSPVLGKIS,11,0,2
2272,QEARGPPHFQKKGPLLS,17,1,0
2273,HTLFPFSFLWIPATIYSR,18,1,0
2274,VC,2,1,0
2275,SVRSPSAGSSGAGTVAASGTASAWGTTGSTCSQGGRAPHRHILGEHTQCLPSFSNSLFKHTHTRARAHTHSSSFFQSPTTAKLQKKLLDPFHYVHEKQQSKITEEAPESLSVCPHKTAEPSATPPTGVLSLRMTQIPEHRFKCNPCICMGHSHLNSRQAESVAGERVLTFNILPFTFSKHHEDAIDKVFLCKMNCSGFSKLDSWL,205,2,1
2276,IHTLLDSCSQVFIFFTECSIILSLKSVSARIDGVK,35,1,0
2277,ISNKKKNLPAKKIPGRDGITGKFYQTFKEELILIS,35,1,0
2278,FS,2,1,0
2279,LLPPSFSGLFNTL,13,1,0
2280,RQILPPKS,8,1,0
2281,CMAFSKLI,8,1,0
2282,KVFSYYVSISYPVGSLIKHTGIYQNPDVFLIYFIALTYSGLI,42,1,0
2283,FLYF,4,0,2
2284,FQTG,4,2,1
2285,LKNR,4,1,0
2286,IFMTF,5,1,0
2287,HLRTVFFARHKVITLSNSRYFTFRMRDSSSNKAHCTAATLIKLLHEL,47,1,0
2288,VPTQRKDQRQTLMFH,15,1,0
2289,I,1,1,0
2290,INLLKKLWSYSVKFSYQAICLIFRKNLATDQKLYLPSQLYPLGLKGDWESYKMVHDSPSTSQEQKQMLY,69,1,0
2291,QKHIFQPNIQ,10,1,0
2292,IRTAEDTE,8,1,0
2293,GYS,3,1,0
2294,ENLLSPGVEDQLGQHSETLFPQNIKKLARHGGTCR,35,0,2
2295,HWRFSEGFDSYKFITS,16,1,0
2296,VVRKLI,6,1,0
2297,IISRTAVGHKTSHGLA,16,1,0
2298,AAIRILHSFGHLVLFFHDWCCLLLRHLPVM,30,1,0
2299,GRILD,5,1,0
2300,THVSSISHPFPPPKPR,16,1,0
2301,IIIVLSRTLNTVNQFCLYSFVRIFGKLL,28,1,0
2302,QVIDGRKGEVWTVLGHAQLSVHANSWVPCADLGGVSMKRAVAIQALTSANLFCASCNWPYWFQPISASSFIS,72,0,2
2303,YSLKAGNVMPPDFSFCLILLWLCGLFFGSI,30,1,0
2304,PSS,3,1,0
2305,LIRSRSFLDESLGFLGIQTYHRQRATV,27,1,0
2306,QVPKPLISTLIG,12,0,2
2307,IVFTYSINAINKITPKHQHYLFPGASLKINSSKIHKTKTNVKLYSGMQM,49,1,0
2308,SQLLRRLRWVDCLSPGV,17,0,2
2309,AEERQDTIFSHLNL,14,1,0
2310,TKKYKLRYNWDCQLYIFSNGMNEFINR,27,1,0
2311,LYFV,4,1,0
2312,LMCTISSVI,9,1,0
2313,NVQDFPMNFFCICVFVPFYYKNRWLFSSTA,30,1,0
2314,VYNQEISKMMKRMIIIIRC,19,1,0
2315,FM,2,1,0
2316,RCINNAVL,8,1,0
2317,GGWITWDQEFQSSLANMVKPRLY,23,0,2
2318,VDM,3,1,0
2319,D,1,1,0
2320,KFSCSMGVNKV,11,1,0
2321,VIFSKPGLSLEKSLWGLYNDLLTKGTHNTHITVSLVM,37,1,0
2322,NDVTHIICQLKNKGNHWGIGHLKN,24,1,0
2323,MSNIDS,6,1,0
2324,SFNC,4,1,0
2325,NLCK,4,1,0
2326,IL,2,1,0
2327,PLNRLNIKLHFTQSFCCHINETFYKHSF,28,1,0
2328,DNMGCRW,7,1,0
2329,CISKVIEC,8,1,0
2330,TYFIC,5,1,0
2331,IL,2,1,0
2332,PSEAFAHLFGIIEAQLEKCAMYAQKFYNKGQARWLTPVISAFWEAKVGKS,50,1,0
2333,NGLVFVYNLCTSSHILSIRGPQPQGHDQYWSIAC,34,1,0
2334,KLHARKT,7,1,0
2335,GVVPGRTQRKGGDKKGGEGERGRGIIPSPTAPDLHKSARDPKLNVRRKSAPTFPPCAARQAAGVDGSPRAPCPIPIRDRDEEHAAGKAASAGRGAGRSADKSAVGAESRGEGEGGGLGGGGRRRPEGAQERGRATERRDAEVRCVRAAAQTPARPLRERPGRSLTPCLQAFCLSTLVSGELGVAIRRQVSGFASHSPSLASPAHSGLLWGQSPPGAASALPVRSFSFFFPIKYYLGIV,238,1,0
2336,FSELMYTKHLENKSKQYVFYKCYL,24,1,0
2337,GFMWIQILL,9,1,0
2338,CLSKAADRGRKEMSSRGQWQCAQQPRK,27,1,0
2339,TLNSF,5,1,0
2340,SHRT,4,1,0
2341,FAYYA,5,1,0
2342,F,1,1,0
2343,TNPVISISLSSVITTPF,17,1,0
2344,EQ,2,1,0
2345,DHHSNWCEIISRCGFDLHFSDGQ,23,1,0
2346,CMNINLRHSSTPKLNYLVISRAEGTL,26,1,0
2347,CSVNE,5,0,2
2348,KTCPLRIGSYTMRRRQTLFTLLLISFLQRNKTL,33,1,0
2349,SLVLKSLSNEILIPMKERTMKGLYHLYVTSQLFSITHY,38,1,0
2350,RINISEMF,8,1,0
2351,ILTIFLLLLFRSC,13,1,0
2352,KLHWDTITFFQALAMCIVLESQLPFFFHSANSFELSLCTRCYKTYRCILHAYFL,54,1,0
2353,NILSTLCTHSPV,12,1,0
2354,KH,2,1,0
2355,RQSIQDSAFVKQLRNK,16,1,0
2356,IFPITKS,7,1,0
2357,VGMDGTSVCLPGVTSLSLPVKTGHLISKVRANSRQ,35,0,2
2358,EH,2,0,2
2359,SVSSAVLLKLLQL,13,1,0
2360,RAGYDRGDTCAHLNIYSLAHACNPSTLGG,29,0,2
2361,KIIKNILKNQNH,12,1,0
2362,SWLSTVRQTTCQP,13,1,0
2363,IAFY,4,1,0
2364,SWWIIFLICCWIHLASILLRIFTSLFIRDIGL,32,1,0
2365,LIISHGLPAHHLLVTLAELTVLETLKTVHILGNKQFPDINFLVVYKLHSIYYSLIFYNI,59,1,0
2366,NNIPKLLFLHMININSANIYSAPTFKQALF,30,1,0
2367,TK,2,1,0
2368,LVFLYIFICLGSF,13,1,0
2369,YIWLHCKFNR,10,2,1
2370,LT,2,1,0
2371,LQSSIHK,7,1,0
2372,SREAELAVS,9,1,0
2373,PNHVISLVSVYL,12,1,0
2374,IPFSLNMKSKVM,12,0,2
2375,LTVTSNFWAQEILLPWPPK,19,1,0
2376,PF,2,1,0
2377,KSAW,4,1,0
2378,INKFRDVPLKPL,12,1,0
2379,LTLLLLFQ,8,1,0
2380,VSGL,4,1,0
2381,HEIKLLLVNSIQTIYTVFSKMLTYFNKSTE,30,1,0
2382,LA,2,1,0
2383,MFWALRKLLS,10,1,0
2384,HNWNIQ,6,1,0
2385,KPWI,4,1,0
2386,HLPLPQFSHTSIPKSYPLHFQCFSNYFFL,29,1,0
2387,FTVFFFCR,8,1,0
2388,CGGLNAKRQETYCLLQLVLKNITPFLTQFERC,32,1,0
2389,NANF,4,1,0
2390,HCCPGWSAMA,10,0,2
2391,KT,2,0,2
2392,FVNSSIMLCHEENKIGVLYFFEMESHSLAQAGVQWQDLSSLQSPPPRFKRFFCLSHLSNWDYRCVQPCLANFCIFSRDGVSPCGPGWSQTPDLK,94,1,0
2393,LEIEIIPTNLCALGLRIQTALG,22,1,0
2394,CLLPTCS,7,1,0
2395,SNIEVVNPIVDLDSRIGLCCHP,22,1,0
2396,IRKLLTKILDE,11,1,0
2397,NMFHNLTKGQILRYC,15,1,0
2398,SILSGFLYKLRDEDPASFFYMWLANYPNTIC,31,1,0
2399,LHYIKRLLTKYCTYENRVESSSTISTDDSQDGPDCTDII,39,1,0
2400,KSPHIS,6,1,0
2401,S,1,1,0
2402,DISFHARLCISPGMLRCRD,19,0,2
2403,IFPVELIILSLYNVSLCLF,19,1,0
2404,P,1,1,0
2405,GK,2,1,0
2406,FLIFFVDIASHSVAQTGLKLLIQI,24,1,0
2407,YYDISKVGTFKR,12,1,0
2408,IFGFKNDSYTLKVRIFCGQVSTLGKRFHV,29,0,2
2409,RIIRLGI,7,1,0
2410,NFFCYCSDQLSPNFLISY,18,1,0
2411,Q,1,1,0
2412,IQR,3,1,0
2413,FTLSSI,6,1,0
2414,QS,2,1,0
2415,Q,1,1,0
2416,RKRNTTLDKIKDIHLMQ,17,1,0
2417,VH,2,1,0
2418,HIYSF,5,1,0
2419,KKSQNNIHTIQQNNFHILLCFLPNFLPLRLNSV,33,1,0
2420,VYISVYI,7,1,0
2421,K,1,0,2
2422,YKTNVVTRVA,10,1,0
2423,ISVNMQ,6,0,2
2424,MES,3,1,0
2425,DSW,3,0,2
2426,QL,2,1,0
2427,VYLDLN,6,1,0
2428,VEPFFPLKSKFFFSFFFYLFGYYLSPSSSWCELLSEGINSII,42,1,0
2429,IGAAAEEGIFCLKSSVPWAYLAMGWTPGQETANCFSNVRVVRVCVLW,47,0,2
2430,YLP,3,1,0
2431,PQLMLQCV,8,1,0
2432,AIEQHLFFTTNLLHVLLNCAESILGPGGYVIVSFLDKCLSSLMVY,45,1,0
2433,LT,2,1,0
2434,RMMVVF,6,1,0
2435,FHKQAQVTGNISDFFEEAHTGHRHNLKIIL,30,1,0
2436,PPE,3,0,2
2437,NTW,3,1,0
2438,LTNFIHDF,8,0,2
2439,LVKL,4,1,0
2440,SY,2,1,0
2441,ESFILSTFAYV,11,1,0
2442,TQEAVVAVSRDCATVF,16,1,0
2443,KCYINIYSLSLSLSLSLSFLVLTIKFS,27,1,0
2444,DCTRPVTLYKTYALPFHLPVPFYIYLTRCNAINYISNIL,39,1,0
2445,AS,2,1,0
2446,DLIKCLA,7,1,0
2447,NR,2,1,0
2448,FHC,3,1,0
2449,YAQ,3,1,0
2450,LRN,3,1,0
2451,VVRSL,5,1,0
2452,VGHPKRHFSVVLPTKSCKEIPLHSVRSDPLARLPS,35,1,0
2453,VER,3,1,0
2454,SVKNIYIKIQKKCVFSQVISVKIH,24,1,0
2455,QDSMIGSLFTTLNLATPCLVWLAVPTP,27,2,1
2456,THYHRQ,6,1,0
2457,VYK,3,1,0
2458,INI,3,1,0
2459,SQLLRRLRREDHLSPGRLRLQ,21,0,2
2460,CIFLKLIIIITN,12,1,0
2461,WETSEYLLS,9,1,0
2462,GWRITWAQELETTVSYDCITALQPGQ,26,1,0
2463,PH,2,1,0
2464,YNTLPQIIKSLVLVLVLDFRR,21,1,0
2465,DWMPLLL,7,1,0
2466,KSPD,4,1,0
2467,K,1,1,0
2468,VHRRLAPCAWKSCRHSVPAHESSQEGGCTLQSHRGEAAQDCGNLPCVSELPRCETWSQRRSFWSFKI,67,1,0
2469,SNRDYPELQNY,11,1,0
2470,IMGSGLSCAALMIESKSHDI,20,1,0
2471,SQHFGRLA,8,0,2
2472,IPRSGIAGTNDCSTFSSLRNLHNFSMVVVLVYIPTSSVKKCSLFTTSMPTFIFLFFNYGNSCRSKVVSHCGFDLHFPGH,79,1,0
2473,VSMSEPVVTGM,11,0,2
2474,YSCASIQMGNSSMPLPNKYDWISQEP,26,0,2
2475,CLPKQSSLFYI,11,1,0
2476,MFT,3,1,0
2477,GDCQD,5,1,0
2478,GHGDFSMCNIYSDCTHGPPWQ,21,1,0
2479,FIHLKINNSVAMITENRTHTMN,22,1,0
2480,TGMHP,5,1,0
2481,KGRTKISVIYLDLLHVLTCLVSGAMDANDGKSLLGF,36,1,0
2482,VGSHFLSHWLSVLMRN,16,1,0
2483,ELSIHVLSPLFDRIICFFLLICLSSL,26,1,0
2484,LKRDYYRVLSCMCHLTLERNGKFLVLFKLCLSKERICY,38,1,0
2485,SFEALLIV,8,1,0
2486,LPNILVCLKSTNVIESTNLDHIFRKT,26,1,0
2487,ALAKKK,6,1,0
2488,GRYIYLPYIIYIYIYKYIFILFIYI,25,1,0
2489,HYQDIRSLQSGRFDEKK,17,1,0
2490,PQVIYPPRPPKMLALQATTPGNN,23,0,2
2491,L,1,1,0
2492,LLWLGFPVLC,10,1,0
2493,VPL,3,1,0
2494,G,1,1,0
2495,TIIF,4,1,0
2496,DLMVLKMGVSLHKLSLLACCHP,22,1,0
2497,ARWLEGHSFFHFLFSDLL,18,1,0
2498,NEYVVFKFILVFYDYLFIALWFPGTFFFLRCILHVTIAQFACSKVHYSSTFPNTWHVYLRLVHLVSQILLFLT,73,1,0
2499,NIFPKM,6,1,0
2500,IKHTLALTRSWGGLP,15,1,0
2501,TCFSPPYICCKLSVIVKC,18,1,0
2502,LNLLNDMFFKVL,12,1,0
2503,SRGRPTRFLSHGLFPSAALPPAPAPPSISV,30,0,2
2504,ES,2,1,0
2505,VLPLGIYLRLMEAYVHTMTCTELFTIALLLIALTGNNTIINQQLCCIHTAEYYLATKMEWTTDNLNNMDESQNYHAV,77,1,0
2506,SQANQT,6,1,0
2507,QFF,3,1,0
2508,EE,2,0,2
2509,NLTGNFPKAGIVSFSFKSKFSPGMVAHACNPTLWEAKVDRSLEPRSS,47,1,0
2510,GVNFISIGEWIDAVYEKLLKREIQQPLPQGFHGGQTP,37,1,0
2511,IQRIKAGYSKQRVKRIWNYA,20,1,0
2512,LSAPLL,6,0,2
2513,YSITFYSQDDVTNPYLLTWICFYTKVFIK,29,1,0
2514,NLVKYSFENLHSSSVCYVFPPFV,23,1,0
2515,TYSCNSK,7,1,0
2516,CSF,3,1,0
2517,QHNSNFCYHSIPKVIA,16,1,0
2518,FLPDLLDTGFICPESPSQYNEDNKVLSPLFGFCLFVVGDGGRLFCDSVQLHPGWSMSGSGLAAEGSLQNELVIQWSILNWWGPEAPMAGSSTPYPDHLGISSSPGI,106,0,2
2519,N,1,1,0
2520,EISDFFFMDISK,12,1,0
2521,KCV,3,1,0
2522,KHLCAAYVFTLKIRYLGTRHQIIV,24,1,0
2523,AAVAISEIDSKFSSQNVLHLTKLTKST,27,1,0
2524,G,1,0,2
2525,ANNVFKALRPMFNVK,15,1,0
2526,PLLQEL,6,0,2
2527,VRWQGGDWEM,10,1,0
2528,ISLSPDRLQIHEDRDSVLFCAIVPQHSSMMSGTQHANSAYWLNE,44,0,2
2529,YFPSYYFP,8,1,0
2530,NKFSM,5,1,0
2531,VPEFRLYLVHLLLEVYHAHQSCRVACISWAH,31,1,0
2532,TYDIKLLIFHASIV,14,1,0
2533,TCNNRKNEVTGLMGTDMGEKNRSKGYSCFGPLCQNGNEKLGNKN,44,1,0
2534,TRR,3,1,0
2535,SKKLNI,6,0,2
2536,SGRITQETAGGRRGWRRCAHGPVPGPQPPPTQ,32,2,1
2537,VTIRMVTIETSFFT,14,1,0
2538,ICIAPWLINYQFTSCLTKL,19,1,0
2539,FFCIFSRDRGFTMLARLVLNS,21,0,2
2540,ESLEFCRKYHLAFYSTFWMQLIDSSVMMPGV,31,1,0
2541,SRRMA,5,1,0
2542,QLAPVCSLSYLGGWWLKWEDHLSARGRGCSDPRLWHCTPAWVTE,44,0,2
2543,NTVISLCEISLWSPSICRYTIHILDPFPFIPFISNP,36,1,0
2544,L,1,1,0
2545,SYSNRTIFYGMETKRIVLGKSMFNVFKYFCL,31,1,0
2546,TYMCMCLYSNMIYIPLGIYPVMGWLDQMAFLALDP,35,1,0
2547,MHGWSWWYPFVQNMLFK,17,1,0
2548,LCALMVPRDFKKNKKWSVGPEVSVWQQRAQGVSARIEYAWAEGAQGRRVLQRRGCSESLLKGTVCATL,68,0,2
2549,NFC,3,1,0
2550,SFKIF,5,1,0
2551,QHAAILRYCQKRPYISKQNTLVLEKEKSSSRVCP,34,1,0
2552,MLPNI,5,1,0
2553,WNCEKRTTVLQNPEW,15,1,0
2554,P,1,1,0
2555,LQMLLNLQ,8,1,0
2556,WKGLNQKMLCIEFIINYFFL,20,1,0
2557,CRH,3,1,0
2558,VCNITEGEQVHLPKESLAYDPGATSSLSLVARFGLAYIIA,40,1,0
2559,KNFILTSSSLLCT,13,1,0
2560,NDI,3,1,0
2561,CALYK,5,1,0
2562,VCREKGTLVHCWWKYRLVQSLWTIVRRFLKKLKLELPKTQQSLLWMYPKEIKSSPHKDICTAIFIAALFTVAKIWKPPRYVLVHEWIKETVVYVYTMEYYSALKKEKTLSFATTCMDLEDIKLWEISPTHIHTQNCIISLICGI,144,1,0
2563,IL,2,1,0
2564,EMFNGDVAHGSS,12,0,2
2565,NLLCSADDISLLHLFSIFKQWKYKLATPHFQHNLEKTIFKEKITGISSPLPDRCLIVMASR,61,1,0
2566,KR,2,1,0
2567,LFQFLEES,8,1,0
2568,AEIEPLHSSLGGRVIPCLKKKKKKKSMSQFCC,32,1,0
2569,SMVGKPLWFSLHYIIFKVITSIRSALCICVFIDAFFKHWRISESSTNLVMSSRCGKKGVYNILS,64,1,0
2570,VQAACRPAWQQPEHR,15,0,2
2571,RLEPIAVTGTKEDGWSAGATNSNNYQIRRIKRLFSRLLLSSKVINWQNIIESQMVQEHNL,60,1,0
2572,LRRFRPG,7,1,0
2573,KVS,3,1,0
2574,D,1,1,0
2575,ILTIYAYNGVT,11,1,0
2576,YTVVLQ,6,1,0
2577,KVHFTPSSMIIF,12,1,0
2578,FVQCYCQ,7,1,0
2579,MTSLYI,6,1,0
2580,ENEKTNI,7,1,0
2581,KL,2,1,0
2582,Y,1,1,0
2583,VFGEQSLRC,9,1,0
2584,WWLCVHAVPSA,11,1,0
2585,LVLIVIDL,8,1,0
2586,HALLLLTDSVRHISPSQPLPSLPSEA,26,1,0
2587,WTV,3,1,0
2588,NDSIRFQINC,10,1,0
2589,SQI,3,1,0
2590,EISLLPVS,8,1,0
2591,CKKTRCQTN,9,1,0
2592,QCDRKQNPIF,10,1,0
2593,MLYLSDNK,8,1,0
2594,G,1,1,0
2595,VLTNR,5,1,0
2596,D,1,1,0
2597,DNADKRFLKIVVHYTVVIFCQELTFSLRSVSIHDHRKSFPYSFVV,45,1,0
2598,KDLLSSSRKALLIFEVFFFFFFSSESILEESISIFKGSQVTCIHM,45,1,0
2599,ICFCRLQNQGGSGAWCGNR,19,1,0
2600,SFTFQ,5,1,0
2601,SQHFGRLRWADHPRLGVQDQPDQHGETPSLLKIQKLARCGGTCL,44,0,2
2602,ATGISISY,8,0,2
2603,ATVR,4,1,0
2604,VFPCK,5,1,0
2605,LLMLGLPL,8,1,0
2606,LYIFIHTF,8,1,0
2607,FLSAIFCSFPVEIFHLFG,18,1,0
2608,TH,2,2,1
2609,RVFYPDCEGPSNFT,14,1,0
2610,RSQF,4,1,0
2611,EEIR,4,1,0
2612,CGRSIKSPTPFSSNSVAGHIKAYLVKS,27,0,2
2613,ESPELRRWRLQ,11,1,0
2614,PHFCEPIFTVHVLTSIVSIPSLAKMA,26,1,0
2615,ASLPTYHKHDL,11,1,0
2616,LNE,3,1,0
2617,VM,2,1,0
2618,IAPQNNPKYI,10,1,0
2619,DMISHALKKCKSWMIFT,17,1,0
2620,N,1,1,0
2621,CKYSEPFKAG,10,1,0
2622,PQRCGGSIT,9,0,2
2623,EW,2,1,0
2624,LSNYDI,6,1,0
2625,LELYSIECYFTNHSEFLGKE,20,1,0
2626,LA,2,1,0
2627,SFSIFFIILAILLSLGYLTSPNFTLKFDPQC,31,1,0
2628,IWGL,4,1,0
2629,PAFYVSFYELLSEF,14,1,0
2630,LK,2,1,0
2631,LSPLKITFKGHVVILFLYCQVFSNFSHENEC,31,1,0
2632,FSKTVLSKSILRKKTHFLFKSVNLTDCLCPHTNGTLCFI,39,1,0
2633,LKLQARTTMPG,11,1,0
2634,K,1,1,0
2635,GSILLVY,7,1,0
2636,ISFLSGFNIFNLGILHAFIFLGPRNHRNI,29,1,0
2637,ARNAF,5,1,0
2638,LIKFFKQ,7,0,2
2639,WIFI,4,1,0
2640,GPISSG,6,1,0
2641,DHWKSAVFGWE,11,1,0
2642,DQPGQHGGTLSLLKIQKLPGRSGGRL,26,0,2
2643,ILVC,4,1,0
2644,LYS,3,1,0
2645,LLGLNETSVPQKTMGNVARQ,20,1,0
2646,CWYILVVN,8,1,0
2647,THTLIHRHRHTHSTQTHCPFFLSSFSSELFHILWWQL,37,1,0
2648,PNLIILLQILMKTFTFLLIHQST,23,1,0
2649,DRGKMYFIHLSCTV,14,1,0
2650,N,1,1,0
2651,CHCAPAWVT,9,1,0
2652,SQLLRRLRQENCFNLGGGGCSELRQRHCTIATAIRVRLHLKKKKKRKP,48,1,0
2653,EMG,3,1,0
2654,YSKN,4,1,0
2655,NFNSIYSFVRFHKLRGTSD,19,1,0
2656,SLGICF,6,1,0
2657,FLFYLRSVEAWIEVFRENIF,20,1,0
2658,NSLYSYK,7,1,0
2659,FLSFCHGEIWG,11,1,0
2660,SHHPPTSASQNAGITGVSHCTRPSGILF,28,1,0
2661,LEN,3,1,0
2662,EYVQGTQLALFKKDVTR,17,1,0
2663,HVPPFPN,7,1,0
2664,YVYMYTGK,8,1,0
2665,DYITYHL,7,1,0
2666,CHLSLPRLISCVEL,14,1,0
2667,HL,2,1,0
2668,NKGNSQVFC,9,1,0
2669,CVVWYSKWGLFQNLCTSVRCKHVSSSFWLIQYVAICDIINIYIYENMYLVSASSSYKELLKPL,63,1,0
2670,NSLI,4,1,0
2671,AHFSSLDSC,9,1,0
2672,HARVLPATQEAEVGGWLEPYSSLQRLQ,27,1,0
2673,NI,2,1,0
2674,NDLLILSSAQEQTFLSLTHLHIVNVLFSHYPRG,33,1,0
2675,ASLKGCILYDSNI,13,1,0
2676,R,1,1,0
2677,KYLNFVF,7,1,0
2678,CI,2,1,0
2679,KCLKTCA,7,1,0
2680,LNESIILTNILLFYICICDNYI,22,1,0
2681,VCIPVLKRLGLKRSNQPNHWCKCASHF,27,1,0
2682,GSSTRKLLKSNLAIKF,16,1,0
2683,PDSRITDKSQLRPLNKL,17,1,0
2684,FFSFQNIFLPLHKFYIYSRRNIPISDVFVCVSSWNKC,37,1,0
2685,PGWSRSPDLVICPPRPPKLLGLQA,24,1,0
2686,SILEQSE,7,1,0
2687,FCPPLSLTN,9,1,0
2688,GCSEL,5,0,2
2689,YNLVLKLARIA,11,1,0
2690,RNS,3,1,0
2691,RNIHAESGSNITAPVRIAFCKLSIV,25,1,0
2692,GCCHCCNSGDSKYAVRGT,18,1,0
2693,GELIWFGSVSPPKSHLVAPIVPTCCGRDLVGDS,33,1,0
2694,L,1,0,2
2695,LIRPNIEQSKTLANCYFKCGLRK,23,1,0
2696,AQ,2,1,0
2697,TLMTYLCSVTTQNMYF,16,1,0
2698,ATAPSLKFFLHNGCSAHVKAFSPSFFPFVSWVD,33,1,0
2699,KCLLCPMVK,9,1,0
2700,KFYNNILELTKCFFSSLVT,19,1,0
2701,KIGNVHKGLSAFPELHKNLFASLLPPFVRSSEELFFILSLTKHLGEYLNLNSFKTYVQDKVTLYALVSYVFKF,73,1,0
2702,LFIPLPTFLARSLA,14,1,0
2703,V,1,1,0
2704,WMVLL,5,1,0
2705,GRPLRFPVYLLFLV,14,0,2
2706,MWWLENLKLHNWLTE,15,1,0
2707,IE,2,1,0
2708,FIKK,4,1,0
2709,IYNYITTC,8,1,0
2710,NMI,3,0,2
2711,ASLSCHMECSKRVGS,15,1,0
2712,RPGPWPDAVPRYEEVSDSSAAGPGADTSPKGSWFLPSMCTLIRGFWRTGSSPFRRRKPCKGNISALESIFPVGRFFMETNSHLHPEHTCHLVLLVHLTVNLFCGWTYLFLT,111,0,2
2713,IYQEFEQVN,9,1,0
2714,NVWIIFTPSIICF,13,1,0
2715,PDFSGAVCHSFAWL,14,1,0
2716,HNARKKKQGRLFIISGINKSFITSCRILATWRYI,34,1,0
2717,F,1,1,0
2718,ILDISPLSDG,10,1,0
2719,KTDQIP,6,1,0
2720,KGVMAPVFTFHAL,13,1,0
2721,LIDINLVNI,9,1,0
2722,AEGMKRSYCVCWSGRTDTCRRTEVAGPGHCRAQAGHMLAENRSCHLCLPEWKSTGVCSLAGCNPL,65,0,2
2723,NMTLICPCDVYKETYLWP,18,1,0
2724,KLKR,4,1,0
2725,EQNNSKSGTRSKPQLRYGTLRSSFVFHLHKNPHHCYLIFTNHSTAIHEAPTVCLVSVSVPGFMCLSFCTLTPQLMNT,77,1,0
2726,SLSPSPFRLTLPLCSLNFHLPLSSYNYFAEINAKQQKVFSEEYQQSHDHFRLSFVVFFV,59,1,0
2727,NSAEISSYFGTGDAHTQKAKRHSIFKEAHKKQCIQKWRELEEWT,44,1,0
2728,IF,2,1,0
2729,I,1,1,0
2730,QTK,3,1,0
2731,GWESGDKTAQRGLVSRKRPRAWQMEELE,28,0,2
2732,KPDLIVLLKLNL,12,1,0
2733,ISLGLYVKWKGGDWGQVIVVKGVNFISIGEWIDAV,35,1,0
2734,YFLSTSVRVMTRGLAMRIHKLCQE,24,1,0
2735,FN,2,1,0
2736,FGEKMFSKYPCSLTLLY,17,1,0
2737,NKRQVCLQPWIEVVPLSKAKGHLYWPL,27,1,0
2738,LNPLIFVLWMLSRYCMESLRFEIQVIIEAIDEDEIFNWESESRENVSCLQTS,52,1,0
2739,LNYHTFSSISKIALYFFQILLEEYSIQIFIQ,31,1,0
2740,YGGLRMTWKELATMIEDSDTRIKDDCKM,28,1,0
2741,FFQKCLTFVILVVFFLVCGKNK,22,1,0
2742,HI,2,1,0
2743,GVPFSRSVANIPICKIFPKHGSDF,24,1,0
2744,CTTLMQNYNNRGIGGRVMEYMGMHCNLSTIIPQT,34,1,0
2745,FSLLIHFCIIACQKGGLSQRYV,22,1,0
2746,KL,2,0,2
2747,ECQK,4,1,0
2748,NLWEPLLWTEILH,13,1,0
2749,HLI,3,1,0
2750,EARKCRDVPSAS,12,1,0
2751,GPAGPGLWEVSTCPFGEPNERDLTWLSSCF,30,1,0
2752,LFQLPQSKQKRLQLLQCSLCGCQV,24,1,0
2753,KTGFRVL,7,1,0
2754,GHNSHKKISESDSRYCEDTKEEVINSQGVEGKKRLYERNDFWAVLEDKQL,50,1,0
2755,SQHFERLRRADHEVKRSRPSWPTW,24,0,2
2756,CWSVVAKLQKGGGIRRRVQPPFLSWPEI,28,0,2
2757,FF,2,1,0
2758,SLSEPLAQRVCQTWNTICCIILFLSLGKST,30,1,0
2759,KT,2,1,0
2760,TVDKRTIESREACDVVLLLDSRNSGEDIRLHQSSQNMAVYAELSPMGEHLTEHIGREVSSVEG,63,1,0
2761,KQVMNTHKMQILMFFFCYSQTILGTVVNWS,30,1,0
2762,CRV,3,1,0
2763,MSKLSCVPVKLNPNKYSSKSCFYLRKEYNTLYLE,34,1,0
2764,IKLAQEETVNLNRFVTQRID,20,1,0
2765,RLHKNP,6,1,0
2766,SIFI,4,1,0
2767,NLAILTITMDYFPVSSDNPQHLPTFDGLQNEHIFFKKNYSH,41,1,0
2768,MFELQGRNQVNVLSFPFMICNFRKKLFF,28,2,1
2769,FNVIFREAKDLLKTMLSINNEKKN,24,1,0
2770,RQRLSMLPRLASNSWAQAILLPRPPNSAGIQV,32,1,0
2771,N,1,1,0
2772,QRLR,4,1,0
2773,VPACSMKTIC,10,1,0
2774,SICTCPHSAFRCFPFTEVNTW,21,1,0
2775,ERERERERLKFVQLDIL,17,1,0
2776,HLMNFCAVPYTIMNSRIEE,19,1,0
2777,NLFLWIYTQKRDCWVICYSIFNFSFIFSEYVIIVYNCGIQNYISIHVYSV,50,1,0
2778,LY,2,1,0
2779,VSKLYNTKREKHH,13,1,0
2780,NNYDNIL,7,0,2
2781,IPSHSIHGPSKSGPKPPSCPDMCQALSSIHASIFAFSCLTNST,43,0,2
2782,RCLSQN,6,1,0
2783,AFFHMFVGCLSIFF,14,1,0
2784,KILNTTVICQ,10,1,0
2785,EEGADRE,7,1,0
2786,IISRLLIMPNTM,12,1,0
2787,HVYLHIYKMITEYLIHNLVEQCPGDAWI,28,1,0
2788,LETNERDGEKNSFVFSCSFFPTYSFVPSVNKLCKLLY,37,1,0
2789,RDRKGQLTPSRPFIMLPIPLVRALPP,26,1,0
2790,NF,2,1,0
2791,QHISSFLWAFQHSLGFSKI,19,1,0
2792,FISPNNA,7,1,0
2793,AVVPTIWEAEGGRLLEPRNSRLQ,23,0,2
2794,CLGLA,5,1,0
2795,IT,2,1,0
2796,TFTSQDGWEMLNF,13,1,0
2797,AGRLESQGGASGAVQV,16,0,2
2798,FSLPQHCHLDFPFQ,14,0,2
2799,VKILQPGVVAHTCNPSTLGG,20,1,0
2800,WCGRMLLLQYVKRTNYKAVCAA,22,1,0
2801,KLCECGLSLSPLSKYLLVLTYSQTVDN,27,0,2
2802,ENLHLQGVMEITWDNCGPRAWHKRA,25,1,0
2803,ITVWIIAFLSYFYFLQFPLISMYWIHKKTT,30,1,0
2804,VI,2,1,0
2805,SFWPHSHLLGTGEKRSWRLS,20,1,0
2806,GNNLLFLFKFSVE,13,1,0
2807,LDVT,4,1,0
2808,NLQMPKPLL,9,1,0
2809,AFFFFAAVVKRLRFLI,16,1,0
2810,SSKQTVFLKSVNHTSKLSNLRRGPWRPWICRQVKQKL,37,1,0
2811,ESISK,5,0,2
2812,EIISPY,6,1,0
2813,TSLYTLKLSRKENVLDSWIFWIL,23,1,0
2814,KRILALERYLLKYLGLMHHCAGKRYAHTRTHTHTHTHTHAQIHPCVRQREQMR,53,1,0
2815,GC,2,1,0
2816,KNFIYKTDFVFFC,13,1,0
2817,LF,2,1,0
2818,QTITCSICKDDY,12,1,0
2819,YFVNLNF,7,1,0
2820,WLIAGPR,7,1,0
2821,SFSVTFLGTTPKK,13,1,0
2822,EIVKESDTFLSPVSL,15,1,0
2823,TSIFKILPNYLITVLPLRRLLCLLSEFYPCKKVQPKPPELQKVIPNC,47,1,0
2824,TYAINYC,7,1,0
2825,ATALRKVCFSKGQTNSSRKSLNNKYL,26,1,0
2826,DVLSDRPIYHLLLKFLAVFLGNREKGNKQEDLCTV,35,1,0
2827,NK,2,1,0
2828,HIATDNDVRSPSSSKSV,17,1,0
2829,NVGIWLYAKFCSIYSLYFVWNYFCPIFSLKCSLPKILIEPKSARHTDMDFAATKVNSSFKVNF,63,1,0
2830,KS,2,1,0
2831,LFVQILLCNYYISDYIIHLA,20,1,0
2832,DLKNGIGKPQLKNKNTSTGKDRTSEDESFSRL,32,1,0
2833,D,1,1,0
2834,LRIYNVAVSSFL,12,1,0
2835,YIMCLL,6,1,0
2836,HKCGYA,6,1,0
2837,SSLHLNLGLHFHQFFWKDWRSKFWRCMSAIKNV,33,1,0
2838,NLLIYIILKNM,11,1,0
2839,PGMVADDSNPSYLGG,15,1,0
2840,KIQH,4,1,0
2841,AD,2,1,0
2842,SWVI,4,1,0
2843,SHMDWGFARSVCSQGKLPFYFLQRKAFLSVKEDVSSNAYVKF,42,1,0
2844,FLKSHLFPIIFPHTSCIYLVKFLFDPKGSNVYLTISTLCQNNKCTSNYNISKKSIVCFLFMSLVSLSEL,69,1,0
2845,NPSLLKIQKLAGCGDGRW,18,1,0
2846,LN,2,1,0
2847,SIKYIVLKVHMCGSSHFFYST,21,1,0
2848,KLNEMLRCMSHRS,13,1,0
2849,LFSFNMYSLSLQISEKNLFLHCHLKLMC,28,1,0
2850,LEAFHHLQAELHLIPTRRTWQECPGVQKTCRCPCHPALISNQSLSSARLIPQHSISASSLKA,62,0,2
2851,SDLEMCERAVPRRETMGL,18,1,0
2852,TPNLSNTIA,9,1,0
2853,PLLSWGPEIEGA,12,0,2
2854,SGHVCSHAQNVKSICFAIFFNHCYPNAPWIFFISGYILEVRHPLG,45,1,0
2855,YWLIHCHQSIAGFSCLYVCLSYSSCLKFFLKS,32,1,0
2856,RDSFSQIYEMVKVNFHFLKRENKWRKSSTAEA,32,1,0
2857,MCPFKSSFLCSLVEILYIKCAKIFFNRELCFPPFIITI,38,1,0
2858,TGIHHTRRAT,10,0,2
2859,LIFYFSENPL,10,1,0
2860,IYIFTCITIQNHILIL,16,1,0
2861,GRRIA,5,1,0
2862,LSKCLPLHQIMAYKLISSCSLLHTYTPSS,29,1,0
2863,VSNTIQRIE,9,1,0
2864,MELVVFFSNS,10,1,0
2865,KCEMSFPAKIIYAWCLSQFNTHLLTA,26,1,0
2866,NLLS,4,1,0
2867,KNYIQNYVLIY,11,1,0
2868,FHDITNKKVHFGLAFQLPRS,20,1,0
2869,I,1,1,0
2870,GLGEAYLTSLSITSLISKKYDLENFNYLAVFVRMS,35,1,0
2871,LYFPKN,6,1,0
2872,Y,1,1,0
2873,TLAHYKK,7,0,2
2874,HNFVWVHPCCKW,12,1,0
2875,ISKGYAEKVFFFLCKLEYWPGAVDTCNPALWEAKAGGSTEVRSS,44,1,0
2876,KQNASYSWRRRIDFCI,16,1,0
2877,LPRIPDFNFKKTNCKNVLNSKETIHYFRILYDFTAR,36,1,0
2878,DLVFLGLTDIPLYLCTTIFLSTYLSVDTLVVAIMFFFFSFLETGSCCHPGCNGVVLS,57,1,0
2879,PLRMTVAIS,9,1,0
2880,SFLFHIR,7,1,0
2881,TLCLWNTSNFRLSYTHRLTYLLIQVGCV,28,1,0
2882,GRKEE,5,1,0
2883,FRFFPKKGFLKKIKLAIR,18,1,0
2884,FQVVFRVWQIFIVNEESSQIY,21,1,0
2885,TPGLK,5,1,0
2886,IKNILAKNNEGFELISYV,18,1,0
2887,KKSYVVHIA,9,1,0
2888,NKIEKNSARSLIIGTSLNALWLIHAVVC,28,1,0
2889,DNI,3,1,0
2890,RRGINAQGTQFFSVKPILHFGLGNSSLWRTLIHCRMFTSPGPYLFNASRHPQHGNKHKMVSLILPLRKFCN,71,1,0
2891,NIGFNINNTLACTYA,15,1,0
2892,DKTVQLQLKMREHVCVLTPGCQVSCPHLKTNNFGGEEAVSLISL,44,1,0
2893,QHK,3,1,0
2894,EWTQT,5,1,0
2895,IFFLVFLVNLANGLLILFIFSKKQVFVSFIFCIVFCVSILFIYLFIFIFIF,51,1,0
2896,D,1,1,0
2897,Y,1,1,0
2898,GLLSQFLVFVRFVRDQIIVDVWYYLRALFCSIGLSLCFGTSTVPFWLL,48,1,0
2899,NMRVF,5,1,0
2900,FHLWPKMFGRSLIRKVISFLYKNILLTTTF,30,1,0
2901,KLLFVCLSLLIFIIIILLL,19,1,0
2902,KEIIFPSANIN,11,1,0
2903,TLTVIVIPCPNNTEK,15,1,0
2904,KQHILMWLRAGKARH,15,0,2
2905,YLPYIHKFTEYCSGN,15,1,0
2906,TT,2,1,0
2907,E,1,1,0
2908,FSVLLLLVYSTGTDLCTLILYLETLLN,27,1,0
2909,WNYRYIFITYISVSSYTFGIYLYKYLYRLY,30,1,0
2910,STKNT,5,1,0
2911,CMIFILFLPSRM,12,1,0
2912,IV,2,1,0
2913,YNYCYCQYYYYNSFTVRWAEKNLISILQMHF,31,1,0
2914,CYLLVVVLVQHTVFLKVNKK,20,1,0
2915,LFLIMLLV,8,1,0
2916,TNVCECLQCMRHCTEARQCELSYGIIL,27,1,0
2917,HIHYLKHLSFLCGGNSKN,18,1,0
2918,E,1,1,0
2919,SSLRTHFPYVSSKRERGTHYSYLKG,25,1,0
2920,T,1,1,0
2921,T,1,1,0
2922,GQISS,5,1,0
2923,VGLDG,5,0,2
2924,R,1,1,0
2925,DSVSKKKKRIKTRMVRVLVPCPV,23,1,0
2926,DNVFNYALPDPWQLM,15,1,0
2927,NCV,3,1,0
2928,LSKDIPA,7,1,0
2929,TKVDSISWLL,10,1,0
2930,VKCYEDE,7,1,0
2931,KGSRS,5,1,0
2932,LISLGLYVKWRGGDWGQVIVV,21,1,0
2933,GYLVHHPLVDEGGKVPSPFTNRWKLNDIILNNQ,33,1,0
2934,SVLFLWVLFPPFLLSAYTNFQSTYFNLIDKNFFK,34,1,0
2935,KLANQQFKASLRLMS,15,1,0
2936,H,1,2,1
2937,FEDGEWEGTERMLGKSGNQSAPGRGRGTA,29,0,2
2938,NHGTSFCSLFLLPCEVCLASPSPSAMIVSFLRPPQLCRTVSQLNFFLYKKKKKKKKVAR,59,1,0
2939,ATMLP,5,1,0
2940,SNMLKYRN,8,1,0
2941,ICNINRYSSENHILSCTP,18,0,2
2942,ALRSSFLMQPTEHVGVT,17,1,0
2943,SLIR,4,1,0
2944,LF,2,1,0
2945,DLLTDVPSCTSAQFQCAQS,19,1,0
2946,PLSYLWHV,8,1,0
2947,L,1,1,0
2948,PQEKSEYPKFALIQCFKNKIP,21,1,0
2949,SQYFFQDLLIDIYKNLPLFTCPFQILYVT,29,1,0
